"id","course_id","banner_name","image_name","show_syllabus","show_enroll_now","show_refund_policy","show_enroll_close_date","show_free_download","status","banner_type","use_as_listing","banner_listing","added_date","modified_date","infographic_value"
"1","1","banner","6bd68e55659786f6cd297d48b94e7d2b.jpg","Y","Y","Y","N","Y","A","primary",,"012c307e57b9c1db747a74b82ca21a0f.jpg","2022-12-09 18:08:09","2022-12-09 21:12:05","[{""infogra_key"":""Test"",""infogra_val"":""Test"",""infogra_image"":""technologyindustry15757521334040_1670600165.jpg""}]"
"2","1","banner",,"N","N","N","N","Y","A",,,,"2022-12-09 18:06:42",,
"3","2","Banner","b62d17db88842aac67aa632da9037bf7.jpeg","N","Y","N","Y","N","A","primary",,"","2022-12-09 19:02:31","2022-12-13 17:12:50",
"4","3","Banner","753d6ff316f838bacaf46eac71648b31.jpg","Y","Y","Y","Y","Y","A","primary",,"","2022-12-09 19:07:00","2026-08-21 14:08:31",
"5","4","Banner","305da4b0eed31dd5be492117f64274bf.jpg","N","Y","N","Y","Y","A","primary",,"423cb8f0f85d36d47b64ba8a5c105124.jpeg","2022-12-13 12:50:02","2022-12-13 13:12:16","[{""infogra_key"":""Test"",""infogra_val"":""Test"",""infogra_image"":""1573224949----1582634786_1670919921.jpg""}]"
"6","5","Banner","f26f8c6c3961c09e2a0db46a1202d641.jpg","N","N","N","N","Y","A","primary",,"9f1624b69bbf52b133e8d013b0adc415.jpg","2022-12-13 14:42:34","2022-12-27 18:12:48",
"7","6","Banner","a0f376224e5fd33aebca58869fa8ec7e.jpg","Y","Y","Y","Y","Y","A","primary",,"","2022-12-14 16:21:40","2026-08-21 14:08:13",
"8","7","Banner","2cfcdde228aaf13d497e7baa2a8cc5d9.jpeg","Y","Y","Y","N","N","A","primary",,"","2022-12-14 16:51:38","2022-12-14 17:12:17",
"9","8","Banner","3327b26553b76fcf866fac8a016e36b9.jpeg","Y","Y","Y","Y","N","A","primary",,"","2022-12-14 17:30:56","2026-08-11 13:08:25",
"10","9","Banner","b8e2845babb49384f0d331815bac2ab3.jpg","Y","Y","Y","N","N","A","primary",,"","2022-12-14 18:09:19","2022-12-14 18:12:55",
"11","10","Banner","41fcb6fa728916362b97efd67141916e.jpg","Y","Y","Y","N","N","A","primary",,"","2022-12-14 19:00:59","2022-12-14 19:12:38",
"12","11","Banner","280507edea01d621df53a2cf13a376f8.jpg","Y","Y","Y","Y","N","A","primary",,"","2022-12-25 13:05:19","2022-12-25 13:12:41",
"13","12","Banner","e713be61f9a16590e1cfc699eb1bece9.jpg","Y","Y","Y","Y","N","A","primary",,"","2022-12-27 17:32:09","2022-12-27 20:12:49",
"14","13","Banner","5d87145cdc6eef9d6f2773d2a730feb6.jpg","Y","Y","Y","Y","N","A","primary",,"","2022-12-28 12:44:12","2022-12-28 13:12:12",
"15","14","Banner","1a3deeb093af6a5581634d1b5aced458.jpg","Y","Y","Y","Y","N","A","primary",,"","2022-12-28 13:22:17","2023-01-05 11:01:36",
"16","15","Banner","","N","Y","N","N","Y","A","primary",,"","2023-01-04 11:32:27","2023-01-04 16:01:46",
"17","16","Banner","5cc236c6610ae7e4fcbd06261a44e15b.jpg","Y","Y","Y","Y","Y","A","primary",,"","2023-01-11 13:03:47","2026-08-21 13:08:21",
"18","17","Banner","d008dfab3354bc2a42d7097f697add22.jpeg","Y","Y","Y","Y","N","A","primary",,"","2023-01-28 12:51:05","2023-01-28 14:01:22",
"19","18","Banner","724c8fc9806fb9cd7a0da81b6d697c3f.jpg","Y","Y","Y","Y","N","A","primary",,"","2023-02-19 15:54:23","2023-02-19 16:02:30",
"20","19","Banner","abe9e54a94a7e898de69655697807ed2.jpg","N","Y","Y","Y","N","A","primary",,"","2023-03-16 17:09:11","2023-03-16 17:03:32",
"21","20","Banner","f139286e4c01baad39dff987cc9fc422.jpg","Y","Y","Y","Y","N","A","primary",,"","2023-03-23 12:42:56","2023-03-23 14:03:50",
"22","21","Banner",,"N","N","N","N","Y","A",,,,"2023-04-10 18:59:43",,
"23","22","Banner","430af391f36d3f6df4b6ee147d7e4569.jpg","Y","Y","Y","Y","N","A","primary",,"","2023-04-19 13:57:20","2023-04-19 15:04:40",
"24","23","Banner","92e608cc62fd5bb72085590a03a50b05.jpg","Y","Y","Y","Y","N","A","primary",,"","2023-04-19 15:44:58","2023-04-19 16:04:22",
"25","24","Banner","fa643f33dd64530d9820469540470582.jpg","Y","Y","Y","Y","Y","A","primary",,"","2023-04-19 16:57:51","2026-08-21 14:08:28",
"26","25","Banner","53b15a10e5a1ef0ab038c2ac2744baff.jpg","Y","Y","Y","Y","N","A","primary",,"","2023-04-20 12:23:34","2023-04-20 13:04:19",
"27","26","Banner","11d8ea66eed06569311a12cbf971839a.jpg","Y","Y","Y","Y","N","A","primary",,"","2023-04-28 20:04:45","2023-04-28 20:04:42",
"28","27","Banner","ead5ab94a348b9a9a267caf6a8171413.jpg","Y","Y","Y","Y","N","A","primary",,"","2023-05-20 13:30:23","2023-05-20 14:05:17",
"29","28","Banner","b3a73b906ab1f8f77c81c92409e8a6ff.jpg","Y","Y","Y","Y","N","A","primary",,"","2023-05-21 12:12:52","2023-05-21 12:05:21",
"30","29","Banner","8ca4eb389699b4bea4bba2055ce93597.jpg","N","Y","N","Y","Y","A","primary",,"179a05743fce3a48e96c46b345788239.jpg","2023-06-08 20:13:33","2026-08-08 15:08:52","[{""infogra_key"":""Test"",""infogra_val"":""Test"",""infogra_image"":""1573224949----1582634786_1686235688.jpg""},{""infogra_key"":""Testing2"",""infogra_val"":""Testing Info"",""infogra_image"":""logo1_1759909144.jpg""}]"
"31","30","Banner","c78122aae189327b81fc10e4c27602ef.jpg","Y","Y","Y","Y","Y","A","primary",,"","2023-08-03 16:55:45","2026-08-21 14:08:11",
"32","31","Banner","80ed06d5587c1f2dfb3d53b9f416df24.jpg","Y","Y","Y","Y","Y","A","primary",,"","2023-08-03 20:03:21","2026-08-21 13:08:07",
"33","32","Banner",,"N","N","N","N","Y","A",,,,"2023-08-04 13:33:51",,
"34","33","Banner","8bf490219d4768a75d7afe00f6cbb5ba.jpeg","Y","Y","N","Y","N","A","primary",,"","2023-08-10 17:04:23","2024-02-09 15:02:27",
"35","34","Banner","3a704427712a50484e01ede249f2eee4.jpg","Y","Y","Y","Y","Y","A","primary",,"","2023-08-19 13:32:11","2026-08-21 14:08:22",
"36","35","Banner","6bacd5092370c2c29489db6ed5424204.jpg","Y","Y","Y","Y","N","A","primary",,"","2023-08-31 21:46:39","2023-09-01 15:09:23",
"37","36","Banner","9648d5ace9be625205d41d506b35b9ea.jpg","Y","Y","Y","Y","N","A","primary",,"","2023-09-01 16:06:26","2023-09-01 17:09:30",
"38","37","Banner","7bf669d90d10bc8520731a42cc24cdf8.jpg","Y","Y","Y","Y","Y","A","primary",,"","2023-10-13 18:52:33","2026-08-21 14:08:11",
"39","38","Banner","00653028184981d697e11ff93d7e5deb.jpeg","Y","Y","Y","Y","N","A","primary",,"","2023-10-13 19:46:29","2023-10-13 20:10:36",
"40","39","Banner","d273af9ac0590398bfa2641082242aab.jpg","Y","Y","Y","Y","N","A","primary",,"","2023-10-28 16:50:53","2023-10-28 17:10:36",
"41","40","Banner","74f9d0367721443e2cf2f2894eedd5a5.jpeg","Y","Y","Y","Y","N","A","primary",,"","2023-10-28 17:33:48","2023-10-28 18:10:53",
"42","41","Banner","862f106bfa69f8e83adc6c6453bd81e1.jpg","Y","Y","Y","Y","N","A","primary",,"","2023-12-22 19:38:15","2023-12-26 14:12:19",
"43","42","Banner","c03e80aa12b01b98d895233f680c4673.jpg","Y","Y","Y","Y","N","A","primary",,"","2023-12-22 20:45:41","2023-12-26 15:12:12",
"44","43","Banner","361b976e65b8e9c9e039e77c42b92e2f.jpg","Y","Y","Y","Y","N","A","primary",,"","2023-12-22 21:06:53","2023-12-26 15:12:56",
"45","44","Banner","54e7c5144b99fb8b3750aaa0d19bdd7a.jpg","Y","Y","Y","Y","N","A","primary",,"","2024-01-28 11:37:42","2024-01-28 12:01:57",
"46","45","Banner","5118096591a70f8cc2c7862776c0ae8d.jpg","Y","Y","N","Y","N","A","primary",,"","2024-03-17 10:36:29","2024-03-17 11:03:21",
"47","46","Banner","b98ae44568a9989974ad9e8295d27232.jpg","Y","Y","Y","Y","N","A","primary",,"","2024-04-14 10:00:13","2024-04-14 10:04:30",
"48","47","Banner","07846d2161d4bf2d4184150d4cb382df.jpg","Y","Y","N","Y","N","A","primary",,"","2024-04-20 23:37:01","2024-04-20 23:04:12",
"49","48","Banner","def7d57f09fd85fa7faba301e29bff46.jpg","Y","Y","N","N","N","A","primary",,"","2024-05-18 18:30:14","2024-05-18 18:05:39",
"50","49","Banner","c40ed53d9c92510f8eb86e32618cadc1.jpg","Y","Y","N","Y","N","A","primary",,"","2024-05-21 16:33:14","2024-05-21 16:05:25",
"51","50","Banner","8a07d50afbfdaf1eada15d15f1bc126a.jpg","Y","Y","Y","Y","N","A","primary",,"","2024-05-21 17:29:17","2024-05-21 18:05:51",
"52","51","Banner","6848c6de4af5abb7f872d9e43c78cab1.jpeg","Y","Y","N","Y","N","A","primary",,"","2024-05-31 16:11:18","2024-05-31 17:05:18",
"53","52","Banner","3739aadc1ad24761a1b1c2c0988b3e67.jpg","Y","Y","N","Y","N","A","primary",,"","2024-06-01 13:44:26","2024-06-01 13:06:35",
"54","53","Banner","d5216716513cd97b889a717b87e70f1a.jpg","Y","Y","N","Y","N","A","primary",,"","2024-06-01 13:47:08","2024-06-01 13:06:16",
"55","54","Banner","86581816b6d67871f5f91671366d2015.jpg","Y","Y","N","Y","N","A","primary",,"","2024-06-28 14:09:31","2024-06-28 14:06:38",
"56","55","Banner","d67d37fd2ee8be881b2a9a41f255a9c4.jpg","Y","Y","Y","Y","N","A","primary",,"","2024-06-29 15:10:02","2024-06-29 15:06:39",
"57","56","Banner","c2441bc14bdbf20fb53b1f876e09c1d6.jpg","Y","Y","N","Y","N","A","primary",,"","2024-07-11 16:15:35","2024-07-25 17:07:00",
"58","57","Banner","1580004a090a2af568fb8cd0181e47c4.jpg","Y","Y","N","Y","N","A","primary",,"","2024-07-14 13:50:06","2024-07-14 14:07:18",
"59","58","Banner","32f77a9a87bdfd8373a5f1edf7b6b31f.jpg","Y","Y","Y","Y","N","A","primary",,"","2024-07-25 14:05:36","2024-07-25 17:07:54",
"60","59","Banner","2f29426c8752663a8130459b733b28ad.jpg","Y","Y","Y","Y","N","A","primary",,"","2024-07-25 16:17:52","2024-07-25 19:07:10",
"61","60","Banner","d55abe1ced5cb88672177e4848b15a0c.jpg","Y","Y","Y","Y","N","A","primary",,"","2024-08-14 18:29:46","2024-08-29 16:08:30",
"62","61","Banner","7e8f1d47ace0f9366e9a79921d4bba9b.jpg","Y","Y","N","N","N","A","primary",,"","2024-08-14 18:54:29","2024-08-14 22:08:41",
"63","62","Banner",,"N","N","N","N","Y","A",,,,"2024-08-14 19:30:14",,
"64","63","Banner",,"N","N","N","N","Y","A",,,,"2024-08-14 19:32:30",,
"65","64","Banner","","Y","Y","N","Y","N","A","primary",,"","2024-08-16 17:01:00","2024-08-16 21:08:40",
"66","65","Banner","","Y","Y","N","Y","N","A","primary",,"","2024-08-16 17:01:10","2024-08-16 20:08:18",
"67","66","Banner","","Y","Y","N","Y","N","A","primary",,"","2024-08-16 17:26:56","2024-08-16 21:08:07",
"68","67","Banner",,"N","N","N","N","Y","A",,,,"2024-08-16 17:27:13",,
"69","68","Banner","cbcd9d676349a08319010158ee2250df.jpg","N","N","N","N","Y","A","primary",,"","2024-08-16 22:18:07","2024-08-28 09:08:58","[{""infogra_key"":""Testing"",""infogra_val"":""Testing"",""infogra_image"":""logo1_1724818918.jpg""}]"
"70","69","Banner","b20cd5d14754361190537874a09796c1.jpg","Y","Y","Y","Y","N","A","primary",,"","2024-08-17 10:47:56","2024-08-17 11:08:18",
"71","70","Banner","3179fef18bffcd48f282803b32a74e2b.jpg","Y","Y","Y","Y","N","A","primary",,"","2024-08-23 18:40:24","2024-08-29 16:08:37",
"72","71","Banner","5358ced3cdc2e5b6d16a2f2fae277d4a.jpg","Y","Y","Y","Y","N","A","primary",,"","2024-08-27 12:46:23","2024-08-29 16:08:05",
"73","72","Banner","710aacbf7196a8383ae70a4aa07e5b13.jpg","Y","Y","Y","Y","N","A","primary",,"","2024-08-27 13:16:32","2024-09-21 14:09:43",
"74","73","Banner","d8dfdcf1840e308f152a9844e00c8a1f.jpg","Y","Y","Y","Y","N","A","primary",,"","2024-08-27 13:16:55","2024-08-29 16:08:39",
"75","74","Banner","1a9c7dcdbd0314c89a6a2c848a35cbc5.jpg","Y","Y","Y","Y","N","A","primary",,"","2024-08-28 15:01:30","2024-08-28 15:08:00",
"76","75","Banner","","N","Y","N","N","Y","A","primary",,"","2024-08-29 17:46:29","2024-08-29 17:08:38",
"77","76","Banner","48a32ec6c1033a97785a45496416d58c.jpg","Y","Y","Y","Y","N","A","primary",,"","2024-09-13 16:39:58","2024-09-13 18:09:45",
"78","77","Banner","f5095330b91c4688dad5c5db0f6fcd1c.jpg","Y","Y","Y","Y","N","A","primary",,"","2024-09-13 17:30:08","2024-09-13 17:09:07",
"79","78","Banner","01ed56c24051da4651a81c962195d0c6.jpg","Y","Y","Y","Y","N","A","primary",,"","2024-09-13 17:50:31","2024-09-16 18:09:22",
"80","79","Banner","3d2313d197328a8e330bb8d97d77216f.jpg","Y","Y","Y","N","N","A","primary",,"","2024-09-13 18:23:22","2024-09-13 18:09:48",
"81","80","Banner","25bde3f92efeb600662d5f22bcd8bbf4.jpg","Y","Y","Y","Y","N","A","primary",,"","2024-09-18 18:38:48","2024-09-18 19:09:49",
"82","81","Banner","c0e10ff378fb175e9a0738f8c69007f8.jpg","Y","Y","Y","Y","N","A","primary",,"","2024-09-22 06:08:22","2024-09-23 17:09:48",
"83","82","Banner","97121726df3b3059723724226184c8e4.jpg","Y","Y","N","Y","N","A","primary",,"","2024-09-27 14:04:29","2024-09-27 16:09:25",
"84","83","Banner","43e19583200b54f64e778ba77cba5c10.jpg","Y","Y","N","Y","N","A","primary",,"","2024-09-27 14:56:31","2024-09-27 15:09:31",
"85","84","Banner","23ac429916af3b33c6f729517a653efd.jpg","Y","Y","N","Y","N","A","primary",,"","2024-09-27 15:33:01","2024-09-27 15:09:15",
"86","85","Banner","aaabaa883730b9b85112839b8b405dac.jpg","Y","Y","N","Y","N","A","primary",,"","2024-09-27 15:47:16","2024-09-27 16:09:21",
"87","86","Banner","d4e3402ca7bab013f733034224e69f29.jpg","Y","Y","N","N","N","A","primary",,"","2024-09-27 17:42:19","2024-11-26 19:11:37",
"88","87","Banner","397775d35a8da0e7ce0205bda59de54f.jpg","Y","Y","N","Y","N","A","primary",,"","2024-10-10 16:02:16","2024-10-10 16:10:24",
"89","88","Banner","90b8ea642854e03e602a3eefd78769a2.jpg","Y","Y","Y","N","N","A","primary",,"","2024-10-13 18:56:22","2024-10-22 16:10:28",
"90","89","Banner","fef25806a8199c60a68ba12c23f31708.jpg","Y","Y","Y","Y","N","A","primary",,"","2024-10-17 14:34:53","2024-10-17 14:10:56",
"91","90","Banner","3d94a3007802e2c927019c97a1abf49d.jpg","Y","Y","Y","Y","N","A","primary",,"","2024-10-17 14:52:43","2024-10-17 15:10:17",
"92","91","Banner","3dc644c35d7870b61188c24e9ef7c550.jpeg","Y","Y","Y","Y","Y","A","primary",,"","2024-10-17 17:34:22","2024-10-17 17:10:21",
"93","92","Banner","5f46577aa234d27d04b8d8f501eb2cf8.jpg","N","Y","Y","Y","N","A","primary",,"","2024-10-17 17:48:54","2024-10-17 18:10:25",
"94","93","Banner","36132df39b5eaf5a2afec35d0858bec7.jpg","N","Y","N","Y","N","A","primary",,"","2024-10-17 19:52:12","2024-10-17 20:10:05",
"95","94","Banner","1b2763fb707f088d3fec484340d8ad13.jpg","Y","Y","Y","Y","N","A","primary",,"","2024-10-17 20:17:46","2024-10-17 21:10:48",
"96","95","Banner","d813b16451e8c374e167bed3674844e2.jpg","Y","Y","N","Y","N","A","primary",,"","2024-10-18 14:32:40","2024-10-18 15:10:57",
"97","96","Banner","af340c1ad9c2ab41048f4bab4df53a7f.jpg","Y","Y","Y","N","N","A","primary",,"","2024-10-20 11:38:07","2024-10-22 15:10:51",
"98","97","Banner","d68bb0cdcafe5bfa93816d032a6725fd.jpg","Y","Y","Y","Y","N","A","primary",,"","2024-11-08 18:44:26","2024-11-08 19:11:57",
"99","98","Banner","59f073a26e7922cca0ecb612607f08f1.jpeg","Y","Y","Y","Y","N","A","primary",,"","2024-11-08 19:08:04","2024-11-08 19:11:27",
"100","99","Banner","d3f6250d1be977be8bcaecfd68d0ec5c.jpg","Y","Y","Y","Y","N","A","primary",,"","2024-11-08 19:53:25","2024-11-08 20:11:22",
"101","100","Banner","3ffa410c5b0da886547a385e2990f0e6.jpg","Y","Y","Y","Y","N","A","primary",,"","2024-11-22 13:22:25","2024-11-22 14:11:20",
"102","101","Banner","55bfba7d3a6b040ba278b591ec8f2363.jpg","N","Y","Y","Y","N","A","primary",,"","2024-11-22 14:34:47","2024-11-22 16:11:46",
"103","102","Banner","a91e1f8431ea935efb426244d606ac52.jpg","N","Y","N","Y","N","A","primary",,"","2024-12-06 11:16:19","2024-12-06 12:12:25",
"104","103","Banner","75a3fb519017121e1b96e641200d6993.jpg","N","Y","N","Y","N","A","primary",,"","2024-12-06 11:42:38","2024-12-06 12:12:38",
"105","104","Banner","1b2f4e3ccef57a573c75659ea4d9f9b5.jpg","Y","Y","N","Y","N","A","primary",,"","2024-12-06 13:15:53","2024-12-06 13:12:34",
"106","105","Banner","25e6673d995ae6569d6537659d785b9d.jpg","N","Y","N","Y","N","A","primary",,"","2024-12-19 17:58:45","2024-12-19 18:12:16",
"107","106","Banner","42a23dcaaadd04b010c3acdd950d78e2.jpg","Y","Y","N","N","N","A","primary",,"","2024-12-22 14:23:15","2025-06-07 12:06:12",
"108","107","Banner","fabdf452080c2592c24dcc1ea375f538.jpg","Y","Y","N","Y","N","A","primary",,"","2025-01-08 14:14:34","2025-01-08 14:01:35",
"109","108","Banner","bd1a7e2438aca74f93f95663386b1fd4.jpg","Y","Y","N","Y","N","A","primary",,"","2025-01-08 14:59:09","2025-01-08 15:01:34",
"110","109","Banner","2be225d822724e213a802798848ca4c1.jpg","Y","Y","N","Y","N","A","primary",,"","2025-01-08 15:32:47","2025-01-08 15:01:47",
"111","110","Banner","9254f94526eaf0ce20e0bd5af6278213.jpg","Y","Y","Y","Y","Y","A","primary",,"","2025-02-05 17:24:29","2026-08-21 14:08:37",
"112","111","Banner","86a12cf40f91020b9cd6d4b5b90b2e24.jpg","Y","Y","Y","Y","N","A","primary",,"","2025-02-19 20:27:50","2025-02-19 20:02:09",
"113","112","Banner","6df5fb8452d170ebbbebebc7f8cd4401.jpg","Y","Y","Y","Y","Y","A","primary",,"","2025-03-16 08:14:11","2026-08-21 14:08:32",
"114","113","Banner","ab3c098bc0a2741e676de0aab0289053.jpg","Y","Y","Y","N","N","A","primary",,"","2025-03-30 13:51:50","2025-06-07 12:06:43",
"115","114","Banner","2dfafcde1a3fb18a77736081b2b85fc9.jpg","Y","Y","Y","Y","N","A","primary",,"","2025-04-12 11:54:41","2025-06-07 12:06:06",
"116","115","Banner","858f256c7e30be06a4e15551879e84dd.jpg","Y","Y","Y","Y","N","A","primary",,"","2025-04-12 14:22:17","2025-06-07 12:06:51",
"117","116","Banner","b541cddd91d41cc1d298db0531290d56.jpg","Y","Y","Y","Y","Y","A","primary",,"","2025-04-12 15:17:06","2026-08-21 14:08:55",
"118","117","Banner","5d21fea2ffac08132db8bc4c3380a8cc.jpg","Y","Y","Y","Y","Y","A","primary",,"","2025-04-13 12:06:31","2026-08-21 14:08:10",
"119","118","Banner","c2eb36af20aae45ef675ebf19e658f6b.jpeg","Y","Y","Y","Y","N","A","primary",,"","2025-04-20 10:03:46","2026-03-03 17:03:16",
"120","119","Banner","2ee49155c99cc651164aca10c4c58dd7.jpg","Y","Y","Y","Y","N","A","primary",,"","2025-04-20 13:31:36","2025-06-07 11:06:59",
"121","120","Banner","b6d126d02ffdd25512a1b5aa82b5796b.jpg","Y","Y","Y","Y","N","A","primary",,"","2025-06-01 11:22:41","2025-06-02 18:06:24",
"122","121","Banner","aa18cc13c525a359121582b7c4f26a28.jpg","Y","Y","Y","Y","N","A","primary",,"","2025-07-14 16:31:55","2025-07-17 19:07:30",
"123","122","Banner","66e2444a5fc806d6e55afb6eac6e4944.jpg","N","Y","N","Y","N","A","primary",,"","2025-07-17 18:28:25","2025-07-17 19:07:03",
"124","123","Banner","e711a65e2f9107fd23ceb22dbcc06289.jpg","Y","Y","Y","Y","Y","A","primary",,"","2025-07-18 19:25:47","2026-08-21 14:08:29",
"125","124","Banner","acb1aaf4ec129b036f947b69d19085e8.jpg","Y","Y","Y","Y","N","A","primary",,"","2025-07-20 12:02:41","2026-01-01 20:01:15",
"126","125","Banner","2adbee239b3056c352f2ba651e580723.jpg","N","Y","Y","Y","N","A","primary",,"","2025-08-10 15:03:29","2026-01-01 20:01:41",
"127","126","Banner","dd788be2bf8db94e9ec019ddac804d4e.jpg","Y","Y","Y","Y","N","A","primary",,"","2025-08-17 12:55:39","2026-01-01 20:01:02",
"128","127","Banner",,"N","N","N","N","Y","A",,,,"2025-08-17 17:21:01",,
"129","128","Banner","141d753947cf3eb64f0b0500cccb0240.jpg","Y","Y","Y","Y","N","A","primary",,"","2025-08-17 17:21:09","2026-01-01 20:01:09",
"130","129","Banner","d6876a5ac80722db6b94a3a0d92e4e7f.jpg","Y","Y","Y","Y","Y","A","primary",,"","2025-08-31 12:25:25","2026-08-21 14:08:05",
"131","130","Banner","b7fc0c07b73c844f3d92497aab02ee15.jpg","Y","Y","N","Y","N","A","primary",,"","2025-10-31 11:20:54","2025-11-20 14:11:16",
"132","131","Banner","89b200eb2df8a587a3cb9a3fc7df5607.jpg","Y","Y","N","Y","N","A","primary",,"","2025-10-31 14:25:22","2025-11-20 13:11:49",
"133","132","Banner","e5c2097bb56ec922d0d90e6abdf226d7.jpg","Y","Y","Y","Y","N","A","primary",,"","2025-11-13 12:51:33","2025-11-13 13:11:16",
"134","133","Banner","70b1edfd1dbcfd865bbb46ba6d5e0484.jpg","Y","Y","N","Y","N","A","primary",,"","2025-11-19 18:17:40","2025-11-19 19:11:12",
"135","134","Banner","180b5bbe5356191f10a8a9c7f557fe60.jpg","Y","Y","Y","Y","N","A","primary",,"f0e26b26ccf13bdc8d5dc7d6f73705ba.jpg","2025-11-28 10:57:32","2025-11-28 13:11:51",
"136","135","Banner","fc63f1e87a08e3cd6b23682677d3d610.jpg","Y","Y","Y","Y","N","A","primary",,"8681d62998c3c8dfecd4592efa3330e0.jpg","2025-11-28 11:25:50","2025-11-28 14:11:41",
"137","136","Banner","346e0a7ad3c2f19fb3382bd8646a84ae.jpg","Y","Y","Y","Y","N","A","primary",,"","2025-12-18 13:57:26","2025-12-18 14:12:36",
"138","137","Banner","faf165d27fc6a58229317f958f9d2998.jpg","Y","Y","Y","Y","N","A","primary",,"","2026-02-01 13:53:33","2026-03-03 17:03:06",
"139","138","Banner","8fa98b9a80dc59b7e54b3332bb45210a.png","Y","Y","Y","Y","N","A","primary",,"27ade39802e9838e3d7a4fa265fa6250.png","2026-08-02 20:12:52","2026-08-10 17:08:17",
"140","139","Banner","43476f7dc16ec88294867e70023fb8c7.jpg","Y","Y","Y","Y","N","A","primary",,"b5f309233b5d18a2d21e5771d98709b6.jpg","2026-08-10 17:15:03","2026-08-10 17:08:03",
"141","140","Banner","","Y","Y","Y","Y","N","A","primary",,"","2026-08-16 09:46:18","2026-08-16 10:08:23",
"142","141","Banner","","Y","Y","Y","Y","N","A","primary",,"","2026-08-16 09:59:12","2026-08-16 10:08:00",
"143","142","Banner","d4f12d33857eda62e33390780d827eee.jpg","Y","Y","Y","Y","Y","A","primary",,"5395ffccd4e820cd5a88e1b597c7e529.jpg","2026-08-21 16:15:17","2026-08-21 18:08:45",
