"id","type_of_course","course_name","course_short_name","url_mask","enrollment_close_date","course_fee","course_duration","is_installment_facility","class_routine","is_new","is_featured","lms_course_id","status","exit_intent_id","old_pid","old_id","discarded","added_date","modified_date","mailchimp_interest_id","hide_from_list","show_new_refund_policy","new_refund_policy","refund_policy_tagline","show_freedownload_msg","freedownload_msg","show_freedownload_succ_msg","freedownload_succ_msg","is_new_welcome_email","new_welcome_email","freedownload_vdo_cnt","duration_type","show_type","time_interval","popup_id","ap_id","show_join_the_waitlist_msg","join_the_waitlist_msg","show_join_the_waitlist_succ_msg","join_the_waitlist_succ_msg","banner_short_information","show_govt_logo_cap","tags","ap_course_cat_id","welcome_call_required","payment_gateway","location_short_name","type_of_course_sec","show_govt_medhavi_logo"
"142","3","(6 months) Executive Certificate Course in how to automate HR function using AI","automate HR function using AI","6-months-executive-certificate-course-in-how-to-automate-hr-function-using-ai","2026-08-20 16:13:00","66000","6","N","8-10 hours/week","Y","Y",,"A","0",,,"N","2026-08-21 16:15:17","2026-08-21 18:08:12",,"N","Y","","","N","","N","","N","","","month","T","0","0","310","N","","N","","","N","Remote International Work","10","Y","Cashfree","IN","2","1"
"141","2","Advanced Program in Algorithmic Trading and Low Latency Systems","Algorithmic Trading and Low Latency Systems","advanced-program-in-algorithmic-trading-and-low-latency-systems","2026-08-15 09:58:00","66000","6","N","8-10 hours/week","Y","N",,"A","0",,,"N","2026-08-16 09:59:12","2026-08-16 10:08:11",,"N","Y","","","N","","N","","N","","","month","T","0","0","309","N","","N","","","N","Remote International Work","10","Y","Cashfree","IN","3","1"
"140","2","Advanced Program in Quantitative Finance and AI Applications","Quantitative Finance and AI Applications","advanced-program-in-quantitative-finance-and-ai-applications","2026-08-15 09:44:00","66000","6","N","8-10 hours/week","Y","N",,"A","0",,,"N","2026-08-16 09:46:18","2026-08-16 10:08:18",,"N","Y","","","N","","N","","N","","","month","T","0","0","308","N","","N","","","N","Remote International Work","10","Y","Cashfree","IN","3","1"
"139","2","iHub, IIT Roorkee & SkillArbitrage jointly present: Executive Certificate in Quantitative Finance & Intelligent Trading Systems","Quantitative Finance & Trading Systems","ihub-iit-roorkee-and-skillarbitrage-3","2026-08-04 17:14:00","1,55,000 + GST","6","N","12-15 hours/week","N","N",,"A","0",,,"N","2026-08-10 17:15:03","2026-08-13 16:08:54",,"N","Y","","","N","","N","","N","","","month","T","0","0","307","N","","N","","","N","iHub DivyaSampark@IIT","10","Y","Cashfree","IN","3","0"
"138","2","iHub, IIT Roorkee & SkillArbitrage jointly present: Executive Certificate in Low-Latency Systems Engineering for High-Frequency Trading","Algorithmic & High-Frequency Trading","ihub-iit-roorkee-and-skillarbitrage-2","2026-07-01 20:10:00","INR 1,55,000/- + GST","6","N","15-18 hours/week","Y","N",,"A","0",,,"N","2026-08-02 20:12:52","2026-08-13 16:08:14",,"Y","N","","","N","","N","","N","","","month","T","0","0","306","N","","N","","","N","iHub DivyaSampark@IIT","10","Y","Cashfree","IN","3","0"
"137","13","Executive Certification in E-Commerce Accounting & Financial Operations for Global Businesses","E-Commerce Accounting","executive-certification-in-e-commerce-accounting--financial-operations-for-global-businesses","2026-01-14 13:52:00","60000","3","N","8-10 hours/week","Y","N",,"A","204",,,"N","2026-02-01 13:53:33","2026-02-01 14:02:04",,"N","Y","","","N","","N","","N","","","month","T","0","0","305","N","","N","","","N","Remote International Work","11","Y","Cashfree","IN","3","0"
"136","2","iHub, IIT Roorkee & SkillArbitrage jointly present: Executive Certification in Financial and Accounting Automation","IIT-Financial and Accounting Automation","ihub-iit-roorkee--skillarbitrage-jointly-present-executive-certification-in-financial-and-accounting-automation","2026-08-15 23:59:00","1,55,000/- + GST","6","N","6-8 hrs/week","Y","N",,"A","204",,,"N","2025-12-18 13:57:26","2026-08-10 12:08:51",,"N","N","","","N","","N","","N","","","month","T","0","0","304","N","","N","","","N","iHub DivyaSampark@IIT","10","Y","Cashfree","IN",,"0"
"135","13","Executive Certificate in Equity Analysis & Merchant Banking Operations","Equity Analysis & Merchant Banking Operations","executive-certificate-in-equity-analysis--merchant-banking-operations","2025-11-01 13:15:00","75000","6","N","8-10 hours/week","Y","N",,"A","204",,,"N","2025-11-28 11:25:50","2026-01-22 18:01:43",,"N","Y","","","N","","N","","N","","","month","T","0","0","303","N","","N","","","N","Remote International Work","10","Y","Cashfree","IN","3","0"
"134","2","iHub, IIT Roorkee & SkillArbitrage jointly present: Executive Certification in Applied Investment Banking, Fundraising & Deal Advisory","Applied Investment Banking","ihub-iit-roorkee--skillarbitrage-jointly-present-executive-certification-in-applied-investment-banking-fundraising--deal-advisory","2025-11-01 13:15:00","1,55,000 + GST","6","N","10-12 hours/week","Y","N",,"A","204",,,"N","2025-11-28 10:57:32","2026-07-02 17:07:05",,"N","Y","","","N","","N","","N","","","month","T","0","0","302","N","","N","","Transform yourself into a complete corporate finance and investment banking professional—equipped with skills that top companies value, pay premium salaries for, and actively recruit.","N","iHub DivyaSampark@IIT","10","Y","Cashfree","IN","3","0"
"133","2","iHub, IIT Roorkee & SkillArbitrage jointly present:  Executive Certificate in AI-Powered Research Automation, Publication Management & Policy Analysis","IIT - AI-Powered Research Automation","ihub-divyasampark-iit-roorkee--skillarbitrage-jointly-present--executive-certificate-in-ai-powered-research-automation-publication-management--policy-analysis","2025-11-18 18:16:00","1,55,000 + GST","6","N","6-8 hrs/week","Y","N",,"A","204",,,"N","2025-11-19 18:17:40","2026-07-02 17:07:25",,"N","N","","","N","","N","","N","","","month","T","0","0","301","N","","N","","","N","iHub DivyaSampark@IIT","10","Y","Cashfree","IN","3","0"
"132","2","iHub, IIT Roorkee & SkillArbitrage jointly present: Executive Certificate Course in Financial Automation and Analytics","IIT-Financial and Data Analytics","ihub-divyasamparkiit-roorkee-skillarbitrage-jointly-present-executive-certificate-course-in-financial-automation-and-analytics","2025-11-12 12:51:00","1,55,000 + GST","6","N","6-8 hrs/week","Y","N",,"A","204",,,"N","2025-11-13 12:51:33","2026-07-02 17:07:40",,"N","N","","","N","","N","","N","","","month","T","0","0","300","N","","N","","","N","iHub DivyaSampark@IIT","10","Y","Cashfree","IN","3","0"
"131","2","iHub, IIT Roorkee & SkillArbitrage jointly present : Executive Certification in Corporate Governance, ESG and AI Safety","I‑Powered Corporate Governance Assurance Program","ihub-divyasamparkiit-roorkee-skillarbitrage-jointly-present-executive-certification-in-corporate-governance-esg-and-ai-safety","2025-11-19 14:21:00","1,55,000 + GST","6","N","8-10 hours/week","Y","N",,"A","204",,,"N","2025-10-31 14:25:22","2026-07-02 17:07:55",,"N","Y","","","N","","N","","N","","","month","T","0","0","299","N","","N","","This course is powered by iHub DivyaSampark@IIT Roorkee & SkillArbitrage. You will receive a co-branded certificate from iHub DivyaSampark@IIT Roorkee & SkillArbitrage upon successful completion.","N","iHub DivyaSampark@IIT","10","Y","Cashfree","IN","3","0"
"130","2","iHub, IIT Roorkee & SkillArbitrage jointly present: Executive Certification in AI Orchestration and Business Automation","AI-Driven Marketing and Sales Automation","ihub-iit-roorkee-and-skillarbitrage-1","2026-08-15 23:59:00","1,55,000 + GST","6","N","8-10 hours/week","Y","N",,"A","204",,,"N","2025-10-31 11:20:54","2026-08-10 12:08:49",,"N","Y","","","N","","N","","N","","","month","T","0","0","298","N","","N","","This course is powered by iHub DivyaSampark@IIT Roorkee & SkillArbitrage. You will receive a co-branded certificate from iHub DivyaSampark@IIT Roorkee & SkillArbitrage upon successful completion.","N","iHub DivyaSampark@IIT","10","Y","Cashfree","IN","3","0"
"129","13","Global Academic Networking & Professional Relationship Building Program","Global Academic Networking","global-academic-networking-professional-relationship-building-program",,"66000","6","N","8-10 hours/week","Y","N",,"A","204",,,"N","2025-08-31 12:25:25","2026-08-21 14:08:48",,"N","Y","","","N","","N","","N","","","month","T","0","0","297","N","","N","","","N","Remote International Work","10","Y","Cashfree","IN","3","0"
"128","6","AI-Driven Marketing and Sales Automation for Business Growth","Sales Leadership & AI-Powered Revenue Mastery","ai-driven-marketing-and-sales-automation-for-business-growth","2026-01-31 23:59:00","75000","6","N","6-8 hrs/week","Y","N",,"A","204",,,"N","2025-08-17 17:21:09","2026-03-22 19:03:00",,"N","Y","","","N","","N","","N","","","month","T","0","0","296","N","","N","","","N","Remote International Work","10","Y","Cashfree","IN","3","0"
"127","13","Strategic Sales Leadership & AI-Powered Revenue Mastery","Sales Leadership & AI-Powered Revenue Mastery","strategic-sales-leadership--ai-powered-revenue-mastery",,"75000","12","N","","","",,"","204",,,"N","2025-08-17 17:21:01",,,"","","","","","","","","","","","month","T","0","0","295","","","","","","","","1","","Cashfree","IN",,"0"
"126","13","AI-Powered Growth Tools for MSME Success","AI-Powered Growth Tools","ai-powered-growth-tools-for-msme-success",,"75000","3","N","8-10 hours/week","Y","N",,"A","204",,,"N","2025-08-17 12:55:39","2026-01-22 18:01:13",,"N","Y","","","N","","N","","N","","","month","T","0","0","294","N","","N","","Build Strategic AI Tools That Drive Product-Led, Marketing-Led & Sales-Led Growth","N","Remote International Work","11","Y","Cashfree","IN","3","0"
"125","13","AI-Powered Financial Automation for Indian Businesses","AI-Powered Financial Automation","ai-powered-financial-automation-for-indian-businesses",,"60000","6","N","8-10 hours/week","Y","N",,"A","204",,,"N","2025-08-10 15:03:29","2026-01-22 18:01:56",,"N","Y","","","N","","N","","N","","","month","T","0","0","293","N","","N","","","N","Remote International Work","10","Y","Cashfree","IN","3","0"
"124","13","AI-Powered Accounting and Financial Automation for Indian Businesses","AI-Powered Accounting and Financial Automation","ai-powered-accounting-and-financial-automation-for-indian-businesses","2026-08-15 23:59:00","60000","6","N","8-10 hours/week","Y","N",,"A","204",,,"N","2025-07-20 12:02:41","2026-08-10 12:08:13",,"N","Y","","","N","","N","","N","","","month","T","0","0","292","N","","N","","","N","Remote International Work","10","Y","Cashfree","IN","3","0"
"123","13","AI-Powered Corporate Governance Assurance Program for Independent Directors","AI-Powered Corporate Governance Assurance Program","ai-powered-corporate-governance-assurance-program-for-independent-directors","2026-09-15 23:59:00","60000","6","N","8-10 hours/week","Y","N",,"A","204",,,"N","2025-07-18 19:25:47","2026-08-21 19:08:47",,"N","N","","","N","","N","","N","","","month","T","0","0","291","N","","N","","","N","Remote International Work","10","N","Cashfree","IN","3","0"
"122","13","AI-Powered Remote Accounting Automation Mastery","AI-Powered Remote Accounting Automation Mastery","ai-powered-remote-accounting-automation-mastery","2026-09-15 23:59:00","60000","6","N","6-8 hrs/week","Y","N",,"A","204",,,"N","2025-07-17 18:28:25","2026-08-21 19:08:04",,"N","N","","","N","","N","","N","","","month","T","0","0","290","N","","N","","","N","Remote International Work","10","Y","Cashfree","IN",,"0"
"121","13","AI-Powered CHRO Transformation Program","CHRO Transformation Program","ai-powered-chro-transformation-program",,"75000","6","N","","Y","N",,"A","204",,,"N","2025-07-14 16:31:55","2025-07-14 18:07:20",,"N","N","","","N","","N","","N","","","month","T","0","0","289","N","","N","","","N","Remote International Work","10","Y","Cashfree","IN","3","0"
"120","5","CFA training program with corporate finance practice","CFA training program","cfa-training-program-with-corporate-finance-practice",,"120000","2","N","","Y","N",,"A","204",,,"N","2025-06-01 11:22:41","2025-06-01 14:06:52",,"N","Y","","","N","","N","","N","","","year","T","0","0","288","N","","N","","","N","Remote International Work","5","Y","Cashfree","IN","13","0"
"119","13","CPA Prep & Global Finance Career Acceleration Program","CPA Prep","cpa-prep--global-finance-career-acceleration-program","2025-12-31 23:59:00","120000","12","N","8-10 hours/week","Y","N",,"A","204",,,"N","2025-04-20 13:31:36","2026-02-20 19:02:05",,"N","N","","","N","","N","","N","","","month","T","0","0","287","N","","N","","","N","Remote International Work","5","Y","Cashfree","IN","5","0"
"118","13","Executive Certificate Course in Support and Operations Automation & AI","Support and Operations Automation & AI","executive-certificate-course-in-support-and-operations-automation-ai","2026-01-31 23:59:00","75000","6","N","8-10 hours/week","Y","N",,"A","204",,,"N","2025-04-20 10:03:46","2026-01-22 18:01:38",,"N","Y","","","N","","N","","N","","","month","T","0","0","286","N","","N","","","N","Remote International Work","10","Y","Cashfree","IN","3","0"
"117","13","AI-Driven Automation, Data Analysis & Research for Academic Writers","AI-Driven Automation","ai-driven-automation-data-analysis--research-for-academic-writers","2026-09-15 23:59:00","60000","6","N","8-10 hours/week","Y","N",,"A","204",,,"N","2025-04-13 12:06:31","2026-08-21 19:08:25",,"N","Y","","","N","","N","","N","","","month","T","0","0","285","N","","N","","","N","Remote International Work","10","Y","Cashfree","IN","3","0"
"116","13","Executive Certificate Course in Global Academic Writing & Research Services","Academic Writing & Research","executive-certificate-course-in-global-academic-writing--research-services","2025-11-30 23:59:00","60000","6","N","8-10 hours/week","Y","N",,"A","204",,,"N","2025-04-12 15:17:06","2026-08-21 14:08:39",,"N","Y","","","N","","N","","N","","","month","T","0","0","284","N","","N","","","N","Remote International Work","10","Y","Cashfree","IN","3","3"
"115","13","Executive Certificate Course in Advanced Technical Writing","Advanced Technical Writing","executive-certificate-course-in-advanced-technical-writing","2025-04-30 15:41:00","60000","6","N","8-10 hours/week","Y","N",,"A","204",,,"N","2025-04-12 14:22:17","2026-01-22 18:01:17",,"N","Y","","","N","","N","","N","","","month","T","0","0","283","N","","N","","","N","Remote International Work","10","Y","Cashfree","IN","3","0"
"114","13","Executive Certificate Course in Global Medical Writing and International Project Outreach","Global Medical Writing","executive-certificate-course-in-global-medical-writing-and-international-project-outreach","2025-04-30 15:41:00","60000","6","N","8-10 hours/week","Y","N",,"A","204",,,"N","2025-04-12 11:54:41","2026-01-22 18:01:02",,"N","N","","","N","","N","","N","","","month","T","0","0","282","N","","N","","","N","Remote International Work","10","Y","Cashfree","IN","3","0"
"113","13","Executive Certificate Course in Strategic Sales Leadership & Revenue Mastery","Strategic Sales Leadership","executive-certificate-course-in-strategic-sales-leadership--revenue-mastery","2025-04-30 15:41:00","66000","6","N","6-8hours/week","Y","N",,"A","204",,,"N","2025-03-30 13:51:50","2026-01-22 18:01:43",,"N","Y","","","N","","N","","N","","","month","T","0","0","281","N","","N","","","N","Remote International Work","10","Y","Cashfree","IN","3","0"
"112","13","Training program on ESG: Strategy, Governance & Compliance","Training program on ESG","training-program-on-esg-strategy-governance-compliance","2026-03-31 23:59:00","75000","3","N","6-8hours/week","Y","N",,"A","204",,,"N","2025-03-16 08:14:11","2026-08-21 14:08:17",,"N","N","","","N","","N","","N","","","month","T","0","0","280","N","","N","","","N","Remote International Work","11","Y","Cashfree","IN","13","0"
"111","13","Professional Certification in AI Driven Data Analytics (INA)","Data Analytics - INA","professional-certification-in-ai-driven-data-analytics-ina","2025-07-31 23:59:00","159999","6","N","6-8 hrs/week","Y","N",,"A","204",,,"N","2025-02-19 20:27:50","2025-07-16 12:07:07",,"N","N","","","N","","N","","N","","","month","T","0","0","279","N","","N","","","N","Remote International Work","10","Y","Cashfree","IN",,"0"
"110","13","Training Program on How to Automate HR Functions Using AI (from LawSikho)","Automate HR Functions Using AI from LawSikho","training-program-on-how-to-automate-hr-functions-using-ai-from-lawsikho","2025-08-31 23:59:00","60000","3","N","6-8 hrs/week","Y","N",,"A","204",,,"N","2025-02-05 17:24:29","2026-08-21 14:08:22",,"N","N","","","N","","N","","N","","","month","T","0","0","278","N","","N","","","N","Remote International Work","11","Y","Cashfree","IN",,"0"
"109","13","Master Java Programming and Data Structures & Algorithms (DSA)","Java Programming","master-java-programming-and-data-structures--algorithms-dsa","2025-04-30 15:40:00","50000","6","N","6-8 hrs/week","Y","N",,"A","204",,,"N","2025-01-08 15:32:47","2026-01-22 18:01:08",,"N","N","","","N","","N","","N","","","month","T","0","0","277","N","","N","","","N","Remote International Work","10","Y","Cashfree","IN",,"0"
"108","13","Master iOS Development with Swift and SwiftUI","iOS Development","master-ios-development-with-swift-and-swiftui","2025-04-30 15:40:00","50000","6","N","6-8 hrs/week","Y","N",,"A","204",,,"N","2025-01-08 14:59:09","2026-01-22 18:01:50",,"N","N","","","N","","N","","N","","","month","T","0","0","276","N","","N","","","N","Remote International Work","10","Y","Cashfree","IN",,"0"
"107","13","Master Android Development with Kotlin and Jetpack Compose","Android Development","master-android-development-with-kotlin-and-jetpack-compose","2025-04-30 15:40:00","50000","6","N","6-8 hrs/week","Y","N",,"A","204",,,"N","2025-01-08 14:14:34","2026-01-22 18:01:35",,"N","N","","","N","","N","","N","","","month","T","0","0","275","N","","N","","","N","Remote International Work","10","Y","Cashfree","IN",,"0"
"106","13","Cultural Adjustment and Workplace Integration for International Nurses","Cultural Adjustment and Workplace Integration","cultural-adjustment-and-workplace-integration-for-international-nurses","2025-04-30 15:39:00","25000","8","N","3 hours/week","Y","Y",,"A","204",,,"N","2024-12-22 14:23:15","2025-05-01 15:05:47",,"N","N","","","N","","N","","N","","","week","T","0","0","274","N","","N","","","N","Remote International Work","12","N","Cashfree","IN","13","0"
"105","13","Certificate Program in Tax Advisory and Representation for Enrolled Agent Preparation","Tax Advisory and Representation for Enrolled Agent","certificate-program-in-tax-advisory-and-representation-for-enrolled-agent-preparation","2025-06-30 23:59:00","75000","6","N","6-8 hrs/week","Y","N",,"A","204",,,"N","2024-12-19 17:58:45","2026-06-22 13:06:18",,"N","N","","","N","","N","","N","","","month","T","0","0","273","N","","N","","","N","Remote International Work","10","Y","Cashfree","IN",,"1"
"104","13","International Job Hunt Accelerator Program (US)","International Job Hunt Accelerator Program (US)","international-job-hunt-accelerator-program-us","2025-02-28 23:59:00","765","6","N","6-8 hrs/week","Y","N",,"A","204",,,"N","2024-12-06 13:15:53","2025-02-18 16:02:51",,"N","N","","","N","","N","","N","","","month","T","0","0","272","N","","N","","","N","Remote International Work","10","Y","Cashfree","US",,"0"
"103","13","Crack The Solicitors Qualifying Examination (SQE 2)(Global)","TP-SQE 2 (Global)","crack-the-solicitors-qualifying-examination-sqe-2global","2024-12-05 20:37:00","1266","6","N","6-8hours/week","Y","N",,"A","204",,,"N","2024-12-06 11:42:38","2024-12-06 20:12:34",,"N","N","","","N","","N","","N","","","month","T","0","0","271","N","","N","","","N","Remote International Work","5","Y","Cashfree","US",,"0"
"102","13","Crack The Solicitors Qualifying Examination (SQE 1) (Global)","TP-SQE 1 (Global)","crack-the-solicitors-qualifying-examination-sqe-1-global","2024-12-05 11:15:00","1899","12","N","6-8 hrs/week","Y","N",,"A","204",,,"N","2024-12-06 11:16:19","2024-12-06 12:12:07",,"N","N","","","N","","N","","N","","","month","T","0","0","270","N","","N","","","N","Remote International Work","5","Y","Cashfree","US",,"0"
"101","13","Paralegal Associate Training Program","Paralegal Associate Course (US)","paralegal-associate-training-program","2024-11-21 14:34:00","1999","6","N","6-8 hrs/week","Y","N",,"A","204",,,"N","2024-11-22 14:34:47","2024-11-22 19:11:41",,"N","N","","","N","","N","","N","","","month","T","0","0","269","N","","N","","","N","Remote International Work","13","Y","Cashfree","US",,"0"
"100","13","US Contract Drafting Program","US Contract Drafting Program (US)","us-contract-drafting-program","2024-11-21 13:22:00","999","6","N","6-8 hrs/week","Y","N",,"A","204",,,"N","2024-11-22 13:22:25","2024-11-22 19:11:56",,"N","N","","","N","","N","","N","","","month","T","0","0","268","N","","N","","","N","Remote International Work","13","Y","Cashfree","US",,"0"
"99","13","International Visa Processes and Job Seeking for Nurses","International Visa Processes and Job Seeking for N","international-visa-processes-and-job-seeking-for-nurses","2025-07-31 23:59:00","40000","3","N","6-8 hrs/week","Y","N",,"A","204",,,"N","2024-11-08 19:53:25","2025-07-16 12:07:13",,"N","N","","","N","","N","","N","","","month","T","0","0","267","N","","N","","","N","Remote International Work","16","Y","Cashfree","IN",,"0"
"98","13","IELTS English Proficiency & Communication Skills Program","IELTS Exam Preparatory Course","ielts-exam-preparatory-course","2025-07-31 23:59:00","40000","3","N","6-8 hrs/week","Y","N",,"A","204",,,"N","2024-11-08 19:08:04","2025-10-01 16:10:24",,"N","N","","","N","","N","","N","","","month","T","0","0","266","N","","N","","","N","Remote International Work","16","Y","Cashfree","IN",,"0"
"97","13","NCLEX Nursing Competency Enhancement Program","NCLEX Exam Preparatory Course","nclex-exam-preparatory-course","2024-11-07 18:44:00","79999","6","N","6-8 hrs/week","Y","N",,"A","204",,,"N","2024-11-08 18:44:26","2025-10-01 16:10:52",,"N","N","","","N","","N","","N","","","month","T","0","0","265","N","","N","","","N","Remote International Work","16","Y","Cashfree","IN",,"0"
"96","13","Service Business Entrepreneurship: Scale to 1 cr Per Year","Diploma in Service Business Entrepreneurship","service-business-entrepreneurship-scale-to-1-cr-per-year","2025-11-30 23:59:00","66000","6","N","8-10 hours/week","Y","N",,"A","204",,,"N","2024-10-20 11:38:07","2026-01-22 18:01:59",,"N","N","","","N","","N","","N","","","month","T","0","0","264","N","","N","","","N","Remote International Work","10","Y","Cashfree","IN","3","0"
"95","13","Diploma in International Contract Negotiation, Drafting and Enforcement (US)","Dip. ICD-US","diploma-in-international-contract-negotiation-drafting-and-enforcement-us","2025-05-31 23:59:00","900","6","N","6-8 hrs/week","Y","N",,"A","204",,,"N","2024-10-18 14:32:40","2025-05-16 17:05:45",,"N","N","","","N","","N","","N","","","month","T","0","0","263","N","","N","","","N","Remote International Work","13","Y","Cashfree","US",,"0"
"94","13","Diploma in International Business Law (US)","Dip. IBL (US)","diploma-in-international-business-law-us","2025-08-31 23:59:00","900","6","N","6-8 hrs/week","Y","N",,"A","204",,,"N","2024-10-17 20:17:46","2025-08-16 13:08:03",,"N","N","","","N","","N","","N","","","month","T","0","0","262","N","","N","","","N","Remote International Work","13","Y","Cashfree","US",,"0"
"93","13","Crack Barrister and Solicitor Examination - Canada","Crack Barrister and Solicitor Examination - Canada","crack-barrister-and-solicitor-examination---canada","2026-03-31 23:59:00","1799","6","N","6-8 hrs/week","Y","N",,"A","204",,,"N","2024-10-17 19:52:12","2026-03-17 12:03:44",,"N","N","","","N","","N","","N","","","month","T","0","0","261","N","","N","","","N","Remote International Work","16","Y","Cashfree","US",,"0"
"92","13","Crack NCA - Canada Examination - Test Prep Course","Crack NCA - Canada (CAN)","crack-nca---canada-examination---test-prep-course","2024-10-16 17:48:00","1499","6","N","6-8 hrs/week","Y","N",,"A","204",,,"N","2024-10-17 17:48:54","2024-10-17 20:10:34",,"N","N","","","N","","N","","N","","","month","T","0","0","260","N","","N","","","N","Remote International Work","16","Y","Cashfree","US",,"0"
"91","13","Test Course for Other Geo Location","Test Course for Other Geo Location","test-course-for-other-geo-location","2026-08-08 15:11:00","1","6","N","","Y","N",,"A","204",,,"N","2024-10-17 17:34:22","2026-08-08 15:08:06",,"N","N","","","N","","N","","N","","","days","T","0","0","259","N","","N","","","N","Remote International Work","16","Y","Cashfree","OTHERS",,"0"
"90","13","Personal Branding Program for Corporate Leaders (UK)","Personal Branding-UK","personal-branding-program-for-corporate-leaders-uk","2025-07-15 23:59:00","799","6","N","6-8 hrs/week","Y","N",,"A","204",,,"N","2024-10-17 14:52:43","2025-07-01 11:07:04",,"N","N","","","N","","N","","N","","","month","T","0","0","258","N","","N","","","N","Remote International Work","10","Y","Cashfree","UK",,"0"
"89","13","Generative AI and Prompt Engineering (UK)","Generative AI-UK","generative-ai-and-prompt-engineering-uk","2025-07-15 23:59:00","1199","3","N","6-8 hrs/week","Y","N",,"A","204",,,"N","2024-10-17 14:34:53","2025-07-01 11:07:40",,"N","N","","","N","","N","","N","","","month","T","0","0","257","N","","N","","","N","Remote International Work","11","Y","Cashfree","UK",,"0"
"88","13","Training Program to Crack the US Patent Practitioner Exam & Design Patent Bar Exam (US)","US Patent Practitioner Exam","training-program-to-crack-the-us-patent-practitioner-exam",,"1800","6","N","8-10 hours/week","Y","N",,"A","204",,,"N","2024-10-13 18:56:22","2024-10-15 19:10:15",,"N","Y","","","N","","N","","N","","","month","T","0","0","256","N","","N","","","N","Remote International Work","10","Y","Cashfree","US",,"0"
"87","13","Diploma in Patent Law & Analysis (USPTO): Searches, Specifications, Prosecution, Litigation and Licensing (US)","Dip. Patent law - US","diploma-in-patent-law--analysis-uspto-searches-specifications-prosecution-litigation-and-licensing-us","2024-10-09 16:01:00","1800","6","N","6-8 hrs/week","Y","N",,"A","204",,,"N","2024-10-10 16:02:16","2024-10-13 19:10:34",,"N","N","","","N","","N","","N","","","month","T","0","0","255","N","","N","","","N","Remote International Work","13","Y","Cashfree","US",,"0"
"86","13","Crack The Solicitors Qualifying Examination (SQE 2)(UK)","TP-SQE","crack-the-solicitors-qualifying-examination-sqe-2-uk",,"1000","6","N","6-8 hours/week","Y","N",,"A","204",,,"N","2024-09-27 17:42:19","2024-10-24 14:10:53",,"N","N","","","N","","N","","N","","","month","T","0","0","254","N","","N","","","N","Remote International Work","5","Y","Cashfree","UK",,"0"
"85","13","Remote freelancing and profile building program (UK)","Remote freelancing-UK","remote-freelancing-and-profile-building-program-uk","2025-05-15 23:59:00","750","6","N","8-10 hours/week","Y","N",,"A","204",,,"N","2024-09-27 15:47:16","2025-05-01 15:05:34",,"N","N","","","N","","N","","N","","","month","T","0","0","253","N","","N","","","N","Remote International Work","10","Y","Cashfree","UK",,"0"
"84","13","International Job Hunt Accelerator Program (UK)","Job Hunt Accelerator Program (UK)","international-job-hunt-accelerator-program-uk","2025-02-28 23:59:00","600","6","N","8-10 hours/week","Y","N",,"A","204",,,"N","2024-09-27 15:33:01","2025-02-18 16:02:20",,"N","N","","","N","","N","","N","","","month","T","0","0","252","N","","N","","","N","Remote International Work","10","Y","Cashfree","UK",,"0"
"83","13","Diploma in International Contract Negotiation, Drafting and Enforcement (UK)","Dip-International Contract Drafting (UK)","diploma-in-international-contract-negotiation-drafting-and-enforcement-uk","2025-05-31 23:59:00","750","6","N","8-10 hours/week","Y","N",,"A","204",,,"N","2024-09-27 14:56:31","2025-05-16 17:05:25",,"N","N","","","N","","N","","N","","","month","T","0","0","251","N","","N","","","N","Remote International Work","13","Y","Cashfree","UK",,"0"
"82","13","Crack The Solicitors Qualifying Examination (SQE 1) (UK)","TP-SQE","crack-the-solicitors-qualifying-examination-sqe-1-uk",,"1500 ","12","N","6-8hours/week","Y","N",,"A","204",,,"N","2024-09-27 14:04:29","2024-09-27 16:09:08",,"N","N","","","N","","N","","N","","","month","T","0","0","250","N","","N","","","N","Remote International Work","5","Y","Cashfree","UK",,"0"
"81","13","Strategic Operations Leadership for Digital Economy","Strategic operations leadership","strategic-operations-leadership-for-digital-economy","2025-04-30 15:38:00","66000","6","N","8-10 hours/week","Y","N",,"A","204",,,"N","2024-09-22 06:08:22","2026-03-12 12:03:15",,"N","N","","","N","","N","","N","","","month","T","0","0","249","N","","N","","","N","Remote International Work","10","Y","Cashfree","IN","3","3"
"80","13","Strategic Business Analytics & Business Intelligence Mastery for Corporate Leaders","Job Assistance Course","master-business-analytics-with-job-assistance-course","2026-09-15 23:59:00","50000","6","N","8-10 hours/week","Y","N",,"A","204",,,"N","2024-09-18 18:38:48","2026-08-21 19:08:30",,"N","N","","","N","","N","","N","","","month","T","0","0","248","N","","N","","","N","Remote International Work","10","Y","Cashfree","IN","3","0"
"79","13","Generative AI and Prompt Engineering (INA)","Generative AI-IN","generative-ai-and-prompt-engineering-ina","2025-07-15 23:59:00","63000","3","N","8-10 hours/week","Y","N",,"A","204",,,"N","2024-09-13 18:23:22","2025-07-01 13:07:44",,"N","N","","","N","","N","","N","","","month","T","0","0","247","N","","N","","","N","Remote International Work","11","Y","Cashfree","IN",,"0"
"78","13","Remote freelancing and profile building program (US)","Remote freelancing-US","remote-freelancing-and-profile-building-program-us","2025-05-15 23:59:00","755","6","N","8-10 hours/week","Y","N",,"A","204",,,"N","2024-09-13 17:50:31","2025-05-01 15:05:48",,"N","N","","","N","","N","","N","","","month","T","0","0","246","N","","N","","","N","Remote International Work","10","Y","Cashfree","US",,"0"
"77","13","Generative AI and Prompt Engineering (US)","Generative AI-US","generative-ai-and-prompt-engineering-us","2025-07-15 23:59:00","1499","3","N","8-10 hours/week","Y","N",,"A","204",,,"N","2024-09-13 17:30:08","2025-07-01 11:07:40",,"N","N","","","N","","N","","N","","","month","T","0","0","245","N","","N","","","N","Remote International Work","11","Y","Cashfree","US",,"0"
"76","13","Personal Branding Program for Corporate Leaders (US)","Personal Branding-US","personal-branding-program-for-corporate-leaders---us","2025-07-15 23:59:00","999","6","N","8-10 hours/week","Y","N",,"A","204",,,"N","2024-09-13 16:39:58","2025-07-01 10:07:28",,"N","N","","","N","","N","","N","","","month","T","0","0","244","N","","N","","","N","Remote International Work","10","Y","Cashfree","US",,"0"
"75","1","Test course for international USA","international usa","test-course-for-international-usa","2025-04-26 16:53:00","1","3","N","","N","N",,"A","204",,,"N","2024-08-29 17:46:29","2026-01-21 17:01:27",,"Y","N","","","N","","N","","N","","","month","T","0","0","243","N","","N","","","N","Remote International Work","1","N","Cashfree","US",,"3"
"74","13","Professional Certification Program in Data Analytics - OLD","Professional Data Analytics-INA","professional-certification-program-in-data-analytics","2024-08-27 15:00:00","79999","6","N","8-10 hours/week","Y","N",,"P","204",,,"N","2024-08-28 15:01:30","2024-09-25 14:09:49",,"Y","N","","","N","","N","","N","","","month","T","0","0","240","N","","N","","","N","Remote International Work","13","Y","Cashfree","IN",,"0"
"73","13","Executive Program in Data Science & A.I (UK)","Data Science & A.I-UK","executive-program-in-data-science--ai-uk","2024-08-29 16:08:00","3599","12","N","8-10 hours/week","Y","N",,"A","204",,,"N","2024-08-27 13:16:55","2024-08-30 16:08:57",,"N","N","","","N","","N","","N","","","month","T","0","0","241","N","","N","","","N","Remote International Work","1","Y","Cashfree","UK",,"0"
"72","13","Professional Certification in AI Driven Data Analytics (US)","Data Analytics US","professional-certification-program-in-data-analytics-us","2026-02-28 23:59:00","2499","6","N","8-10 hours/week","Y","N",,"A","204",,,"N","2024-08-27 13:16:32","2026-02-18 08:02:24",,"N","N","","","N","","N","","N","","","month","T","0","0","242","N","","N","","","N","Remote International Work","13","Y","Cashfree","US",,"0"
"71","13","Executive Program in Data Science & A.I (US)","data science ai-US","executive-program-in-data-science--ai-us",,"4499","12","N","8-10 hours/week","Y","N",,"A","204",,,"N","2024-08-27 12:46:23","2024-08-31 14:08:17",,"N","N","","","N","","N","","N","","","month","T","0","0","239","N","","N","","","N","Remote International Work","1","Y","Cashfree","US",,"0"
"70","13","Professional Certification in AI Driven Data Analytics (UK)","UK-Data Analytics","professional-certification-program-in-data-analytics-uk","2025-05-31 23:59:00","1999","6","N","8-10 hours/week","Y","N",,"A","204",,,"N","2024-08-23 18:40:24","2025-06-09 17:06:09",,"N","N","","","N","","N","","N","","","month","T","0","0","233","N","","N","","","N","Remote International Work","13","Y","Cashfree","UK",,"0"
"69","13","ROI-Driven Social Media Management & Digital Marketing","social media management & Digital Marketing","roi-driven-social-media-management-and-digital-marketing-using-video-design-and-infographics","2025-05-01 11:59:00","51000","6","N","8-10 hours/week","Y","N",,"A","204",,,"N","2024-08-17 10:47:56","2026-01-22 18:01:14",,"N","N","","","N","","N","","N","","","month","T","0","0","238","N","","N","","","N","Remote International Work","10","Y","Cashfree","IN","3","0"
"68","13","Test course","copy Video & Visual Communication","copy-full-stack-video-design--graphics-content-creation--marketing","2024-07-11 23:59:00","51000","6","N","8-10 hours/week","Y","N",,"P","204",,,"N","2024-08-16 22:18:06","2024-08-16 22:08:59",,"N","N","","","N","","N","","N","","","month","T","0","0","237","N","","N","","","N","Remote International Work","13","Y","","IN",,"0"
"67","13","Professional Certification Program in Data Analytics - UK","Professional Data Analytics UK","professional-certification-program-in-data-analytics-uk",,"1999","6","N","","","",,"","204",,,"N","2024-08-16 17:27:13",,,"","","","","","","N","","","","","month","T","0","0","235","","","","","","","","13","","Cashfree","IN",,"0"
"66","13","Professional Certification Program in Data Analytics - UK","Professional Data Analytics UK","professional-certification-program-in-data-analytics-uk2",,"1999","6","N","8-10 hours/week","Y","N",,"P","204",,,"N","2024-08-16 17:26:56","2024-08-30 17:08:42",,"Y","N","","","N","","N","","N","","","month","T","0","0","235","N","","N","","Contact us : <b>+447463051541</b>","N","Remote International Work","13","Y","Cashfree","IN",,"0"
"65","13","Executive Program in Data Science & A.I - US","data science ai","executive-program-in-data-science--ai---us",,"3599","12","N","","Y","N",,"P","204",,,"N","2024-08-16 17:01:10","2024-08-30 17:08:44",,"Y","N","","","N","","N","","N","","","month","T","0","0","236","N","","N","","","N","Remote International Work","1","Y","Cashfree","IN",,"0"
"64","13","Executive Program in Data Science & A.I - UK","data science ai","executive-program-in-data-science--ai---uk",,"3599","12","N","","Y","N",,"P","204",,,"N","2024-08-16 17:01:00","2024-08-30 17:08:58",,"Y","N","","","N","","N","","N","","","month","T","0","0","234","N","","N","","Contact us : <b>+447463051541</b>","N","Remote International Work","1","Y","Cashfree","IN",,"0"
"63","13","(Test) Executive Program in  Data Science & A.I","data science ai","test-executive-program-in--data-science--ai",,"£3599","12","N","8-10 hours/week","Y","N",,"P","204",,,"N","2024-08-14 19:32:29","2024-08-16 16:08:23",,"Y","N","","","N","","N","","N","","","month","T","0","0","0","N","","N","","","Y","Remote International Work","1","Y","Cashfree","IN",,"1"
"62","13","Professional Certification Program in Data Science & A.I","Data Science & A.I - 6 Month","professional-certification-program-in-data-science--ai-us",,"50000","6","N","8-10 hours/week","Y","N",,"P","204",,,"N","2024-08-14 19:30:13","2024-08-16 17:08:40",,"N","N","","","N","","N","","N","","","month","T","0","0","233","N","","N","","","Y","Remote International Work","13","Y","Cashfree","IN",,"1"
"61","13","Professional Certification Program in Data Science & A.I (INA)","Professional Data Science & A.I-INA","professional-certification-program-in-data-science--ai-ina","2025-03-15 23:59:00","79999","6","N","8-10 hours/week","Y","N",,"A","204",,,"N","2024-08-14 18:54:29","2026-01-22 18:01:55",,"N","N","","","N","","N","","N","","","month","T","0","0","232","N","","N","","","N","Remote International Work","10","Y","Cashfree","IN",,"0"
"60","13","Executive Program in  Data Science & A.I (INA)","data science ai","executive-program-in--data-science--ai-ina","2026-09-15 23:59:00","159999","12","N","8-10 hours/week","Y","N",,"A","204",,,"N","2024-08-14 18:29:46","2026-08-21 19:08:39",,"N","N","","","N","","N","","N","","","month","T","0","0","231","N","","N","","","N","Remote International Work","1","Y","Cashfree","IN",,"0"
"59","13","(OLD) Generative AI and Prompt Engineering","Generative AI","generative-ai-and-prompt-engineering-1",,"1499","3","N","8-10 hours/week","Y","N",,"A","204",,,"N","2024-07-25 16:17:52","2024-10-11 17:10:43",,"Y","N","","","N","","N","","N","","","month","T","0","0","230","N","","N","","","N","Remote International Work","10","Y","Cashfree","IN",,"0"
"58","13","Personal Branding Program for Corporate Leaders - US/UK","Personal Branding-US","personal-branding-program-for-corporate-leaders---us-1",,"999","6","N","8-10 hours/week","Y","N",,"A","204",,,"N","2024-07-25 14:05:36","2024-09-13 18:09:38",,"Y","N","","","N","","N","","N","","","month","T","0","0","229","N","","N","","","N","Remote International Work","10","Y","Cashfree","IN",,"0"
"57","13","Training program on Zero to Success: For Aspiring Content Writers","aspiring content writers","training-program-on-zero-to-success-for-aspiring-content-writers","2025-01-15 23:59:00","51000","6","N","8-10hrs/week","Y","N",,"A","204",,,"N","2024-07-14 13:50:06","2026-01-22 18:01:34",,"N","N","","","N","","N","","N","","","month","T","0","0","228","N","","N","","","N","Remote International Work","13","Y","Cashfree","IN",,"0"
"56","13","Professional Certification Program in Data Analytics (OLD)","Data Analytics","professional-certification-program-in-data-analytics",,"4000","6","N","8-10 hours/week","Y","N",,"P","204",,,"N","2024-07-11 16:15:35","2024-09-25 14:09:28",,"Y","N","","","N","","N","","N","","","month","T","0","0","227","N","","N","","","N","Remote International Work","13","Y","Cashfree","IN",,"0"
"55","13","Video & Visual Communication for Business Growth & Problem-Solving","Video & Visual Communication","full-stack-video-design-graphics-content-creation-marketing","2025-05-01 23:59:00","51000","6","N","8-10 hours/week","Y","N",,"A","204",,,"N","2024-06-29 15:10:02","2025-04-19 11:04:41",,"N","N","","","N","","N","","N","","","month","T","0","0","226","N","","N","","","N","Remote International Work","10","Y","Cashfree","IN","3","0"
"54","13","International Job Hunt Accelerator Program","Job Hunt Accelerator Program","international-job-hunt-accelerator-program","2026-01-31 23:59:00","63000","6","N","8-10 hours/week","Y","N",,"A","204",,,"N","2024-06-28 14:09:31","2026-01-22 18:01:08",,"N","N","","","N","","N","","N","","","month","T","0","0","225","N","","N","","","N","Remote International Work","10","Y","Cashfree","IN",,"0"
"53","13","Technical Credibility and Profile-Building Program for Engineers","Technical Credibility and Profile-Building","technical-credibility-and-profile-building-program-for-engineers","2024-05-31 13:46:00","60000","6","N","8-10 hours/week","Y","N",,"P","204",,,"N","2024-06-01 13:47:08","2024-06-01 19:06:23",,"Y","N","","","N","","N","","N","","","month","T","0","0","224","N","","N","","","N","Remote International Work","13","Y","Cashfree","IN",,"0"
"52","13","Networking and Job Hunting Program for Engineers (Canada)","Job Hunting Program for Engineers","networking-and-job-hunting-program-for-engineers-canada","2024-06-16 12:59:00","60000","6","N","8-10 hours/week","Y","N",,"A","204",,,"N","2024-06-01 13:44:26","2026-01-22 18:01:02",,"N","N","","","N","","N","","N","","","month","T","0","0","223","N","","N","","","N","Remote International Work","10","Y","Cashfree","IN",,"0"
"51","13","Immigration, Visa and PR Support program for Indian professionals moving to Canada","Immigration to Canada","immigration-visa-and-pr-support-program-for-indian-professionals-moving-to-canada","2024-08-15 23:59:00","60000","3","N","8-10 hours/week","Y","N",,"A","204",,,"N","2024-05-31 16:11:18","2026-01-22 18:01:22",,"N","N","","","N","","N","","N","","","month","T","0","0","222","N","","N","","","N","Remote International Work","11","Y","Cashfree","IN",,"0"
"50","13","Diploma in International Taxation and Transfer Pricing (from LawSikho)","LS-Intl. Tax & Transfer. Pricing","diploma-in-international-taxation-and-transfer-pricing-from-lawsikho","2024-05-20 17:20:00","60000","6","N","8-10 hours/week","Y","N",,"A","204",,,"N","2024-05-21 17:29:17","2024-05-21 18:05:41",,"Y","N","","","N","","N","","N","","","month","T","0","0","221","N","","N","","","N","Remote International Work","13","Y","Cashfree","IN",,"0"
"49","13","Diploma in National Company Law Tribunal (NCLT) Litigation (from LawSikho)","LSD-NCLT","diploma-in-national-company-law-tribunal-nclt-litigation-from-lawsikho","2024-05-20 16:32:00","60000","6","N","8-10 hours/week","Y","N",,"A","204",,,"N","2024-05-21 16:33:14","2024-05-21 17:05:20",,"Y","N","","","N","","N","","N","","","month","T","0","0","220","N","","N","","","N","Remote International Work","13","Y","Cashfree","IN",,"0"
"48","13","Training program on Using AI for Business Growth for Finance & Compliance Professionals","AI for Business Growth for Finance & Compliance Pr","training-program-on-using-ai-for-business-growth-for-finance--compliance-professionals","2025-09-15 23:59:00","66000","6","N","8-10 hours/week","Y","N",,"A","204",,,"N","2024-05-18 18:30:14","2026-01-22 18:01:44",,"N","N","","","N","","N","","N","","","month","T","0","0","219","N","","N","","","N","Remote International Work","10","Y","Cashfree","IN",,"0"
"47","13","Executive Certificate Course on HR Analytics & Practical Applications for HR Leaders","EC-HR Analytics & Practical Applications","executive-certificate-course-on-hr-analytics--practical-applications-for-hr-leaders","2024-12-31 23:59:00","55000","3","N","8-10 hours/week","Y","N",,"A","204",,,"N","2024-04-20 23:37:01","2026-01-22 18:01:50",,"N","N","","","N","","N","","N","","","month","T","0","0","218","N","","N","","","N","Remote International Work","11","Y","Cashfree","IN",,"0"
"46","13","(Discontinued) Full Stack Video, Design & Graphics Content Creation & Marketing","Video, Design & Graphics","discontinued-full-stack-video-design--graphics-content-creation--marketing","2024-04-13 10:29:00","51000","6","N","8-10 hours/week","Y","N",,"P","204",,,"N","2024-04-14 10:00:13","2024-10-10 18:10:00",,"Y","N","","","N","","N","","N","","","month","T","0","0","217","N","","N","","","N","Remote International Work","13","Y","Cashfree","IN",,"0"
"45","13","Financial and Data Analytics","Financial and Data Analytics","financial-and-data-analytics","2025-12-31 23:59:00","63000","6","N","8-10 hours/week","Y","N",,"A","204",,,"N","2024-03-17 10:36:29","2026-01-22 18:01:39",,"N","N","","","N","","N","","N","","","month","T","0","0","216","N","","N","","","N","Remote International Work","10","Y","Cashfree","IN","3","0"
"44","13","Diploma in ROI Driven Social Media Management and Digital Marketing Using Video, Design and Infographics","Content Creation Using Video, Design & Infographic","discontinued-diploma-in-roi-driven-social-media-management-and-digital-marketing-using-video-design-and-infographics","2024-06-25 00:59:00","51000","6","N","8-10 hours/week","Y","N",,"P","204",,,"N","2024-01-28 11:37:42","2024-08-18 18:08:20",,"N","N","","","N","","N","","N","","","month","T","0","0","215","N","","N","","","Y","Remote International Work","13","Y","Cashfree","IN",,"1"
"43","13","Privacy Technologist Training Program","Privacy Technologist Training Program","Privacy Technologist Training Program","2026-03-31 23:59:00","35000","3","N","8 hrs","Y","N",,"A","204",,,"N","2023-12-22 21:06:53","2026-03-17 12:03:49",,"N","N","","","N","","N","","N","","","month","T","0","0","214","N","","N","","","N","Remote International Work","16","Y","Cashfree","IN",,"0"
"42","13","Training Program in Information Security (ISO 27001) and Privacy Information Management Systems (ISO 27701): Lead Implementer and Lead Auditor","Training Program in Information Security","training-program-in-information-security-iso-27001-and-privacy-information-management-systems-iso-27701-lead-implementer-and-lead-audito","2025-08-31 23:59:00","60000","6","N","8 hrs","Y","N",,"A","204",,,"N","2023-12-22 20:45:41","2026-01-22 18:01:44",,"N","N","","","N","","N","","N","","","month","T","0","0","213","N","","N","","","N","Remote International Work","16","Y","Cashfree","IN",,"0"
"41","13","Indian Data Protection and Privacy Implementation, Compliance and Regulatory Work","Diploma-Indian Data Protection and Privacy","indian-data-protection-and-privacy-implementation-compliance-and-regulatory-work","2025-03-15 23:59:00","51000","6","N","8 hrs","Y","N",,"A","204",,,"N","2023-12-22 19:38:15","2026-01-22 18:01:40",,"N","N","","","N","","N","","N","","","month","T","0","0","212","N","","N","","","N","Remote International Work","10","Y","Cashfree","IN","3","0"
"40","13","Training program on Using AI for Business Growth - US","AI for Business Growth - US","training-program-on-using-ai-for-business-growth---us","2025-04-30 15:38:00","66000","6","N","8-10 hours/week","Y","N",,"A","204",,,"N","2023-10-28 17:33:48","2025-05-01 15:05:09",,"N","N","","","N","","N","","N","","","month","T","0","0","211","N","","N","","","N","Remote International Work","10","Y","Cashfree","IN",,"0"
"39","13","OLD - Remote freelancing and profile building program-US/UK","Remote freelancing and profile building program-US","remote-freelancing-and-profile-building-program-us-1",,"63000","6","N","8-10 hours/week","Y","N",,"A","204",,,"N","2023-10-28 16:50:53","2024-10-16 14:10:04",,"Y","N","","","N","","N","","N","","","month","T","0","0","210","N","","N","","","N","Remote International Work","10","Y","Cashfree","IN",,"0"
"38","13","Global Information Privacy Professional Certification Readiness Program (EU GDPR, US, Canada, Asia)","TP-CIPP","test-prep-course-for-certified-information-privacy-professional-exam-eu-gdpr-us-canada-and-asia","2025-05-31 23:59:00","51000","8","N","8-10 hours/week","Y","N",,"A","204",,,"N","2023-10-13 19:46:29","2026-01-22 18:01:26",,"N","N","","","N","","N","","N","","","month","T","0","0","209","N","","N","","","N","Remote International Work","16","Y","Cashfree","IN",,"0"
"37","13","Diploma in International Data Protection and Privacy Laws","Dip.-intl. data protection","diploma-in-international-data-protection-and-privacy-laws","2025-10-31 23:59:00","66000","1","N","8-10 hours/week","Y","N",,"A","204",,,"N","2023-10-13 18:52:33","2026-08-21 14:08:55",,"N","N","","","N","","N","","N","","","year","T","0","0","208","N","","N","","","N","Remote International Work","1","Y","Cashfree","IN",,"0"
"36","13","International Business Law","Dip-IBL","international-business-law","2025-01-15 23:59:00","66000","6","N","8-10 hours/week","Y","N",,"A","204",,,"N","2023-09-01 16:06:26","2026-01-22 18:01:18",,"N","N","","","N","","N","","N","","","month","T","0","0","206","N","","N","","","N","Remote International Work","10","Y","Cashfree","IN","3","0"
"35","13","International Contract Negotiation, Drafting and Enforcement","Dip - International Contract Negotiation","international-contract-negotiation-drafting-and-enforcement","2024-07-31 23:59:00","69000","6","N","8-10 hours/week","Y","N",,"A","204",,,"N","2023-08-31 21:46:39","2026-03-12 14:03:55",,"N","N","","","N","","N","","N","","","month","T","0","0","207","N","","N","","","N","Remote International Work","10","Y","Cashfree","IN","3","3"
"34","13","Independent Directors’ Professional Development Program","Independent Directors","training-program-to-crack-the-independent-directors’-exam","2023-08-18 13:31:00","63000","6","N","8-10 hours/week","Y","N",,"A","204",,,"N","2023-08-19 13:32:11","2026-08-21 14:08:08",,"N","N","","","N","","N","","N","","","month","T","0","0","205","N","","N","","","N","Remote International Work","16","Y","Cashfree","IN",,"3"
"33","13","Content Marketing and Strategy","Dip.-Content Marketing and Strategy","content-marketing-and-strategy","2026-03-15 23:59:00","60000","6","N","8-10 hours/week","Y","N",,"A","204",,,"N","2023-08-10 17:04:23","2026-03-03 11:03:44",,"N","N","","","N","","N","","N","","","month","T","0","0","204","Y","<h2><strong>Launch an international career as a Content Marketer in just 180 days! To learn more about the course</strong></h2>","Y","<h2><strong>Launch an international career as a Content Marketer in just 180 days!&nbsp;To learn more about the course</strong></h2>","Launch an international career as a Content Marketer in just 180 days!
To learn more about the course","N","Remote International Work","10","Y","Razorpay","IN","3","0"
"32","13","Test Course By Tech Team 4th Aug 2023","test-course-by-tech-team-4th-aug-2023","test-course-by-tech-team-4th-aug-2023","2023-08-03 13:32:00","200","6","N","","Y","N",,"P","204",,,"N","2023-08-04 13:33:51","2024-08-22 15:08:22",,"Y","N","","","N","","N","","N","","","month","T","0","0","202","N","","N","","","Y","Remote International Work","10","Y","Cashfree","UK",,"1"
"31","13","Training program on Using AI for Business Growth","AI for Business Growth","training-program-on-using-ai-for-business-growth","2026-08-15 23:59:00","66000","6","N","8-10 hours/week","Y","N",,"A","204",,,"N","2023-08-03 20:03:21","2026-08-21 13:08:46",,"N","N","","","N","","N","","N","","","month","T","0","0","203","N","","N","","","N","Remote International Work","10","Y","Cashfree","IN",,"3"
"30","13","Executive Certificate Course in US Accounting and Bookkeeping","US Accounting and Bookkeeping","executive-certificate-course-in-us-accounting-and-bookkeeping","2025-07-31 23:59:00","66000","6","N","8-10 hours/week","Y","N",,"A","204",,,"N","2023-08-03 16:55:45","2026-08-21 14:08:54",,"N","N","","","N","","N","","N","","","month","T","0","0","201","N","","N","","","N","Remote International Work","10","Y","Razorpay","IN",,"3"
"29","13","Test Course","Test Course","test-course","2026-12-31 15:18:00","1","3","N","8-10 hours/week","Y","N",,"A","204",,,"N","2023-06-08 20:13:32","2026-08-18 11:08:24",,"Y","N","","","N","","N","","N","","","month","T","0","0","200","N","","N","","","N","Remote International Work","1","Y","Cashfree","IN","6","3"
"28","13","Training Program on How to Use Generative AI for Career Growth for Senior Professionals","Generative AI for Career Growth for Senior Profess","training-program-on-how-to-use-generative-ai-for-career-growth-for-senior-professionals","2026-08-31 23:59:00","63000","6","N","8-10 hours/week","Y","N",,"A","204",,,"N","2023-05-21 12:12:52","2026-08-21 19:08:14",,"N","N","","","N","","N","","N","","","month","T","0","0","199","N","","N","","","N","Remote International Work","10","Y","Cashfree","IN",,"0"
"27","13","Business Development and Client Communication for International Professionals and Remote Workers","Dip-Business Development","business-development-and-client-communication-for-international-professionals-and-remote-workers","2023-08-08 18:38:00","56250","6","N","","Y","N",,"A","204",,,"N","2023-05-20 13:30:23","2026-01-22 18:01:05",,"N","N","","","N","","N","","N","","","month","T","0","0","198","N","","N","","","N","Remote International Work","10","Y","Cashfree","IN","3","0"
"26","13","Business English Communication for International Professionals and Remote Workers","Dip-Business English","business-english-communication-for-international-professionals-and-remote-workers","2025-12-31 23:59:00","56250","6","N","8-10 hours/week","Y","N",,"A","204",,,"N","2023-04-28 20:04:45","2026-01-22 18:01:25",,"N","N","","","N","","N","","N","","","month","T","0","0","197","N","","N","","","N","Remote International Work","10","Y","Cashfree","IN","3","0"
"25","13","Corporate Finance and Investment Banking","Dip-Corp. Fin. & Invet. Banking","corporate-finance-and-investment-banking","2026-08-15 23:59:00","63000","6","N","8-10 hours/week","Y","N",,"A","204",,,"N","2023-04-20 12:23:34","2026-08-10 12:08:56",,"N","N","","","N","","N","","N","","","month","T","0","0","196","N","","N","","","N","Remote International Work","10","Y","Cashfree","IN","3","3"
"24","13","US Tax Compliance","Dip.-US Tax Compliance","us-tax-compliance","2026-08-15 23:59:00","63000","6","N","8-10 hours/week","Y","N",,"A","204",,,"N","2023-04-19 16:57:51","2026-08-21 14:08:10",,"N","N","","","N","","N","","N","","","month","T","0","0","195","N","","N","","","N","Remote International Work","13","Y","Razorpay","IN","3","3"
"23","13","US Corporate Compliance","Dip-US Corporate Compliance","us-corporate-compliance","2026-01-31 23:59:00","63000","6","N","8-10 hours/week","Y","N",,"A","204",,,"N","2023-04-19 15:44:58","2026-01-22 18:01:50",,"N","N","","","N","","N","","N","","","month","T","0","0","194","N","","N","","","N","Remote International Work","10","Y","Cashfree","IN","3","0"
"22","13","Executive Certificate Course in US  Accounting and  Bookkeeping(3months)","EC-US Accounting and Bookkeeping","executive-certificate-course-in-us--accounting-and--bookkeeping3months","2023-05-07 23:59:00","35000","3","N","8-10 hours/week","Y","N",,"P","204",,,"N","2023-04-19 13:57:20","2023-08-08 17:08:12",,"N","N","","","N","","N","","N","","","month","T","0","0","193","N","","N","","","Y","Remote International Work","11","Y","Razorpay","IN",,"1"
"21","13","Diploma in Legal English Communication - oratory, writing, listening and accuracy (from LawSikho)","LawSikho - English","diploma-in-legal-english-communication---oratory-writing-listening-and-accuracy-from-lawsikho",,"50000","12","N","","Y","N",,"P","204",,,"N","2023-04-10 18:59:43","2023-04-10 19:04:05",,"Y","N","","","N","","N","","N","","","month","T","0","0","192","N","","N","","","N","Remote International Work","1","Y","Cashfree","IN",,"0"
"20","13","(3 months) Training program on Using AI for  Business  Growth","AI for Business Growth","3-months-training-program-on-using-ai-for--business--growth","2023-06-27 23:59:00","55400","3","N","8-10 hours/week","Y","N",,"P","204",,,"N","2023-03-23 12:42:56","2023-08-08 18:08:27",,"N","N","","","N","","N","","N","","","month","T","0","0","191","N","","N","","","Y","Remote International Work","11","Y","Cashfree","IN",,"1"
"19","13","Crack IBBI's Limited Insolvency Exam - Become an IRP and prepare for jobs in corporate sector, fintech startups and law firms","TP-IBBI","crack-ibbis-limited-insolvency-exam---become-an-irp-and-prepare-for-jobs-in-corporate-sector-fintech-startups-and-law-firms",,"35000","6","N","8-10 hours/week","Y","N",,"A","204",,,"N","2023-03-16 17:09:11","2023-03-16 17:03:13",,"Y","N","","","N","","N","","N","","","month","T","0","0","190","N","","N","","","Y","Remote International Work","5","Y","Cashfree","IN",,"1"
"18","13","Certified Information Privacy Manager (CIPM) Competency Development Program","TP-CIPM","test-prep-course-for-cracking-certified-information-privacy-manager-cipm-exam","2025-08-31 23:59:00","35000","3","N","8-10 hours/week","Y","N",,"A","204",,,"N","2023-02-19 15:54:23","2026-01-22 18:01:12",,"N","N","","","N","","N","","N","","","month","T","0","0","189","N","","N","","","N","Remote International Work","11","Y","Cashfree","IN",,"0"
"17","13","Diploma in Corporate English Communication for IT Professionals, Software Engineers and Managers","Dip Corp. English","diploma-in-corporate-english-communication-for-it-professionals-and-software-developers","2023-02-11 23:59:00","56250","6","N","8-10 hours/week","Y","N",,"A","204",,,"N","2023-01-28 12:51:05","2023-04-28 20:04:45",,"Y","N","","","N","","N","","N","","","month","T","0","0","188","N","","N","","","N","Remote International Work","13","Y","Cashfree","IN",,"0"
"16","13","Executive Certificate Course in Corporate Governance for Directors and CXOs","EC-Corp. Gov.&CXos","executive-certificate-course-in-corporate-governance-for-directors-and-cxos","2026-09-15 23:59:00","66000","3","N","8-10 hours/week","Y","N",,"A","204",,,"N","2023-01-11 13:03:47","2026-08-21 19:08:07",,"N","N","","","N","","N","","N","","","month","T","0","0","187","N","","N","","","N","Remote International Work","11","Y","Cashfree","IN",,"0"
"15","1","Tech team test in live edited","Tech team test in live","tech-team-test-in-live-edited","2023-11-30 20:40:00","3000","6","N","8hrs/Day","Y","N",,"A","204",,,"N","2023-01-04 11:32:27","2023-05-29 20:05:42",,"Y","N","","","N","","N","","N","","","month","T","0","0","186","N","","N","","","N","Remote International Work","1","Y","Cashfree","IN",,"0"
"14","13","Labour, Employment and Industrial Laws for HR Managers (from LawSikho)","LS-Labour Law","labour-employment-and-industrial-laws-for-hr-managers-from-lawsikho","2026-08-15 23:59:00","66000","6","N","8-10 hours/week","Y","N",,"A","204",,,"N","2022-12-28 13:22:17","2026-08-10 12:08:18",,"N","N","","","N","","N","","N","","","month","T","0","0","14","N","","N","","","N","Remote International Work","10","Y","Cashfree","IN","3","3"
"13","13","Executive Certificate Course in Prevention of Sexual Harassment at Workplace in International Organisations: US, UK, Canada, Singapore and Dubai","EC-POSH","executive-certificate-course-in-prevention-of-sexual-harassment-at-workplace-in-international-organisations-us-uk-canada-singapore-and-dubai","2026-03-31 23:59:00","51000","3","N","8-10 hours/week","Y","N",,"A","204",,,"N","2022-12-28 12:44:12","2026-03-17 12:03:54",,"N","N","","","N","","N","","N","","","month","T","0","0","13","N","","N","","","N","Remote International Work","11","Y","Cashfree","IN",,"0"
"12","13","Executive Certificate Course in International Labour Laws & Compliance: US, UK, Canada, Singapore, Dubai","EC-Intl. Labour Law","executive-certificate-course-in-international-labour-laws--compliance-us-uk-canada-singapore-dubai","2025-06-30 23:59:00","52650","3","N","8-10 hours/week","Y","N",,"A","204",,,"N","2022-12-27 17:32:09","2026-03-12 14:03:40",,"N","N","","","N","","N","","N","","","month","T","0","0","12","N","","N","","","N","Remote International Work","11","Y","Cashfree","IN",,"3"
"11","13","Strategic HR for Startups and Emerging Industries","EC-Strategic HR","strategic-hr-for-startups-and-emerging-industries","2024-05-08 23:59:00","60000","6","N","8-10 hours/week","Y","N",,"A","204",,,"N","2022-12-25 13:05:19","2026-03-12 14:03:34",,"N","N","","","N","","N","","N","","","month","T","0","0","11","N","","N","","","N","Remote International Work","10","Y","Cashfree","IN","3","3"
"10","13","Independent Directors Databank - Online Proficiency Self Assessment Test (Conducted by Indian Institute of Corporate Affairs)","Independent Directors","independent-directors-databank---online-proficiency-self-assessment-test-conducted-by-indian-institute-of-corporate-affairs","2022-12-13 19:28:00","40000","3","N","8-10 hours/week","Y","N",,"P","204",,,"N","2022-12-14 19:00:59","2023-10-13 15:10:08",,"Y","N","","","N","","N","","N","","","month","T","0","0","10","N","","N","","","Y","Remote International Work","1","Y","Cashfree","IN",,"1"
"9","13","(6 months) Diploma in International Data Protection and Privacy Laws","Inter. Data protection","6-months-diploma-in-international-data-protection-and-privacy-laws","2023-09-30 23:59:00","50000","6","N","8-10 hours/week","Y","N",,"P","204",,,"N","2022-12-14 18:09:19","2023-10-13 19:10:33",,"Y","N","","","N","","N","","N","","","month","T","0","0","9","N","","N","","","Y","Remote International Work","13","Y","Cashfree","IN",,"1"
"8","13","Remote freelancing and profile building program","Remote freelancing and profile building program","remote-freelancing-and-profile-building-program","2026-08-31 23:59:00","63000","6","N","8-10 hours/week","Y","N",,"A","204",,,"N","2022-12-14 17:30:56","2026-08-21 19:08:19",,"N","N","","","N","","N","","N","","","month","T","0","0","8","N","","N","","","N","Remote International Work","10","Y","Cashfree","IN",,"3"
"7","13","(6 Months)Test Prep Course for Certified Information Privacy Professional Exam [EU GDPR, US and Canada]","Cert. Infor. privacy profession- E/US/C","6-monthstest-prep-course-for-certified-information-privacy-professional-exam-eu-gdpr-us-and-canada","2023-10-15 23:59:00","36600","6","N","8-10 hours/week","Y","N",,"P","204",,,"N","2022-12-14 16:51:38","2023-10-13 19:10:39",,"N","N","","","N","","N","","N","","","month","T","0","0","7","N","","N","","","Y","Remote International Work","16","Y","Cashfree","IN",,"1"
"6","13","Personal Branding Program for Corporate Leaders","Personal Branding Program for Corporate Leaders","personal-branding-program-for-corporate-leaders","2025-11-30 23:59:00","69000","6","N","8-10 hours/week","Y","N",,"A","204",,,"N","2022-12-14 16:21:40","2026-08-21 14:08:59",,"N","N","","","N","","N","","N","","","month","T","0","0","6","N","","N","","","N","Remote International Work","10","Y","Cashfree","IN",,"3"
"5","13","TEST DIPAK 1 edited by mayukh","Dipak Test","test-dipak-1-edited-by-mayukh","2022-12-13 14:38:00","15000","6","N","4-6 hrs/week","Y","N",,"A","204",,,"N","2022-12-13 14:42:34","2026-06-15 11:06:58",,"Y","N","","","N","","N","","N","","","month","T","0","0","5","Y","","Y","","","N","Remote International Work","3","Y","","IN",,"0"
"4","11","(old) Diploma in International Contract Negotiation, Drafting and Enforcement","Drafting and Enforcement","old-diploma-in-international-contract-negotiation-drafting-and-enforcement","2022-12-05 14:07:00","50000","6","N","4-6 hrs/week","Y","N",,"P","204",,,"N","2022-12-13 12:50:02","2023-08-31 21:08:45",,"Y","N","","","N","","N","","N","","","month","T","0","0","4","Y","<p>Diploma enforcement</p>","Y","<p>Diploma enforcement Thank You</p>","","Y","Remote International Work","1","Y","Cashfree","IN",,"1"
"3","13","Startup Generalist & Virtual Assistant Training Program","EC-Remote International Work","startup-generalist--virtual-assistant-training-program","2026-09-15 23:59:00","66000","6","N","8-10 hours/week","Y","N",,"A","204",,,"N","2022-12-09 19:07:00","2026-08-21 19:08:04",,"N","N","","","N","","N","","N","","","month","T","0","0","3","Y","<div class=""study_col1"">
<h2><strong>Looking for more autonomy at work?</strong></h2>

<p>Being a startup generalist or virtual assistant training program might be the best option for you.</p>
</div>","Y","<p>v</p>","Looking for more autonomy at work? Being a startup generalist or virtual assistant training program might be the best option for you.","N","Remote International Work","10","Y","Cashfree","IN",,"0"
"2","13","Executive Certificate Course in Content Marketing and Strategy","EC-content marketing","executive-certificate-course-in-content-marketing-and-strategy","2023-08-08 18:40:00","40000","3","N","6-8 hrs/week","Y","N",,"P","204",,,"N","2022-12-09 19:02:31","2023-08-10 17:08:17",,"N","Y","","","N","","N","","N","","","month","T","0","0","2","Y","<div class=""study_col1"">
<h2><strong>Launch an international career as a Content Marketer in just 90 days! To learn more about the course</strong></h2>
</div>","Y","<div class=""study_col1"">
<h2><strong>Launch an international career as a Content Marketer in just 90 days! To learn more about the course</strong></h2>
</div>","Launch an international career as a Content Marketer in just 90 days!
To learn more about the course","Y","Remote International Work","1","Y","Cashfree","IN",,"1"
"1","11","Introduction to Corporate Law Practice Tech Team Test","corporate law practice","introduction-to-corporate-law-practice-tech-team-test","2022-12-11 13:12:00","3000","30","N","","N","N",,"P","204",,,"N","2022-12-09 17:23:46","2022-12-13 12:12:36",,"Y","N","<h2 style=""text-align: justify;""><strong>Refund Policy for our Introductory Courses&nbsp;</strong>&nbsp;<br />
(not applicable to other courses)</h2>

<p style=""text-align: justify;"">We are providing a 100% money back guarantee that you will love our course if you actually pursue it.</p>

<p style=""text-align: justify;"">Course fee paid on LawSikho is not refundable as a general rule. However, we are introducing an exception to this, only for a limited time and only for our Introductory courses.</p>

<p style=""text-align: justify;""><strong>List of Courses covered:</strong></p>

<ol>
	<li style=""text-align: justify;"">Introduction to Corporate Law Practice<span style=""white-space:pre""> </span></li>
	<li style=""text-align: justify;"">Introduction to Practical Contract Drafting</li>
	<li style=""text-align: justify;"">Introduction to Intellectual property and media law practice</li>
	<li style=""text-align: justify;"">Introductory Course: Blogging, Paid internships, knowledge management, research and editing jobs</li>
	<li style=""text-align: justify;"">Introduction to Companies Act, 2013</li>
</ol>

<p style=""text-align: justify;"">We understand that it may be difficult for people new to the world of online learning to feel confident and fully understand the power of an online course or a career development program. Especially, when such a programme requires extensive investment of time, energy and money.&nbsp;</p>

<p style=""text-align: justify;"">What we can do here to allay such fears is to offer a money back guarantee. Hence, we are introducing this refund policy as laid down in the following few paragraphs.</p>

<ol>
	<li style=""text-align: justify;"">If a student enrolls into an introductory course from LawSikho.com and after 30 days of usage, does not find any value in the course, then between the 30th day and 45th day counted from the day the course officially began, they can claim back the amount they have paid towards the course as a refund on the following condition:&nbsp;<br />
	<br />
	such person, before claiming refund must have:
	<ul class=""mt-4"">
		<li style=""text-align: justify; margin-left: 40px;"">Attended all the live online classes (in live mode only) in the first 30 days. Attendance in class also must be complete, for instance, if you attend a 60 min class for only 30 minutes, it doesn&rsquo;t count as proper attendance.&nbsp;<strong>Watching a recording of the class does not qualify as attending the live class.</strong>&nbsp;<br />
		and&nbsp;</li>
		<li style=""text-align: justify; margin-left: 40px;"">H/she must have submitted all the assignments issued within the first 30 days successfully. The submissions have to be proper, according to submission requirements. If an assignment is issued within your 30 day period but the deadline comes later, successfully making that submission is also mandatory if you want to claim a refund.&nbsp;<br />
		&nbsp;</li>
	</ul>
	</li>
	<li style=""text-align: justify;"">The intention behind the condition is that only those who actually use the course with full participation and do not find it relevant can claim a refund. One should not be able to claim a refund without actually undergoing the course properly for a month. However, if one diligently follows the course for one month and sees no benefit, despite doing the various exercises and attending live classes, then we are happy to refund such a student in full provided that they raise such a claim between 30th and 45th day from the commencement date of the course batch.</li>
	<li style=""text-align: justify;"">After the 45th day is over, counted from the official commencement date of a batch/course, no refund request shall be entertained. No request will be entertained before the 31st day either.</li>
	<li style=""text-align: justify;"">Days are counted only from the day on which a course formally starts as per batch starting date, and not from the day of your enrollment or payment of fees.</li>
	<li style=""text-align: justify;"">Students who have availed any placement services (including CV Guidance) from Lawsikho while enrolled in any of our introductory courses shall not be eligible for any refund. Further, if you claim refund under this policy, no placement services (including CV guidance) shall be made available to you after such a claim.</li>
	<li style=""text-align: justify;"">If a student has missed any assignments, exercises or classes within the first 30 days, a refund request cannot be entertained. To qualify for this refund policy, one needs to attend classes properly, participate, respond and fully experience the course curriculum. If one joins a class for less than the full duration of the class, for any reason whatsoever, it shall not qualify as proper engagement. Similarly one must submit assignments with a genuine intention of learning and not just to discharge themselves from the task.</li>
	<li style=""text-align: justify;"">In conclusion, once a student enrols for a course and takes all the coursework and accomplished them as suggested for 30 days if s/he still does not like it, and sees no point in pursuing it further, s/he may request refund by writing to&nbsp;<a href=""mailto:refundrequests@lawsikho.in"">refundrequests@lawsikho.in</a>&nbsp;within the next 15 days. We will provide him/her a no-questions-asked refund. After the 45th day, we will not be able to honor any refund request.</li>
	<li style=""text-align: justify;"">We may take a maximum of 60 days to refund the money to the source from which it was paid. However, we try to refund within 14 days after a valid request is made.&nbsp;</li>
	<li style=""text-align: justify;"">We will reserve the right to refuse to sell any course to the person who takes such refund. If you try to buy any other course in future from LawSikho, you must disclose that you have taken such a refund in the past. We will also retain the rights to advertise the fact to our future customers that we made a refund of this nature.&nbsp;</li>
</ol>

<p style=""text-align: justify;"">The problem with providing a course fee refund is that all courses are run as a batch and therefore we admit a limited number of students in each batch. If a person leaves in the middle, it becomes very troublesome for us to fill the vacancy in that batch. Still, we are taking this 100% refund policy as a challenge - that every student who will commit to our courses and teaching methodology properly will see immense benefit in the first month itself and s/he will have no reason to back out even with a full refund.</p>","This is a refund Policy Tagline","N","<div class=""study_col1"">
<h2>You can download the free study material</h2>

<p>Just tell us where it will send</p>
</div>","N","<div class=""study_col1"">
<h2>Thank You For contacting Us</h2>

<p>Get started with your immersive learning experience</p>
</div>","N","","","days","T","0","0","1","N","","N","","","N","NSDC Certified Course,Corporate Law Career","1","Y",,"IN",,"0"
