"id","course_id","course_promo_video_name","position_order","status","added_date","modified_date","promo_video_details"
"1","2","Promotional Video Name",,"A","2022-12-09 19:02:31",,
"2","3","Promotional Video Name",,"A","2022-12-09 19:07:00",,
"3","1","Tech Test Promotional Video Name",,"P","2022-12-09 21:27:52",,"[{""header_text"":""Test Video"",""normal_text"":""<p><span style=\""color:rgb(0, 0, 0); font-family:open sans,arial,sans-serif; font-size:14px; text-align:justify\"">Lorem ipsum dolor sit amet, consectetur adipiscing elit. Nam nec rutrum dui, ac vestibulum ante. Orci varius natoque penatibus et magnis dis parturient montes, nascetur ridiculus mus. Praesent sollicitudin, dolor et lacinia fringilla, risus ex pulvinar elit, ac rutrum lectus purus a diam. Nunc sagittis sem metus, sit amet varius erat accumsan quis. In non fermentum enim. Nam feugiat volutpat sem nec posuere. Lorem ipsum dolor sit amet, consectetur adipiscing elit. Vestibulum scelerisque, quam at ullamcorper interdum, nisl felis auctor lorem, ac facilisis nisi nulla in arcu. Cras et nulla eu tortor posuere varius. Praesent sagittis, nisi non finibus finibus, lectus nisl maximus dolor, ut pellentesque sem nibh et quam. Integer scelerisque, diam vitae suscipit dapibus, sem est finibus ante, ut suscipit nisl metus id augue. Aliquam tincidunt tincidunt vulputate. Aliquam erat volutpat. Nunc pulvinar facilisis urna, eget aliquet risus pellentesque nec. Donec efficitur volutpat nisi vel volutpat. Nullam ac lacus dictum, bibendum erat a, aliquet lorem.<\/span><\/p>\r\n"",""youtube_link"":""https:\/\/www.youtube.com\/watch?v=SWqaDnEMnhI&ab_channel=LawSikho"",""image_name"":""4e22fb233b3a94d4dada53d9901f60cb-1670601471.jpg""}]"
"4","4","Promotional Video Name",,"A","2022-12-13 12:50:02",,
"5","5","Promotional Video Name",,"A","2022-12-13 14:42:34",,
"6","6","Promotional Video Name",,"A","2022-12-14 16:21:40",,
"7","7","Promotional Video Name",,"A","2022-12-14 16:51:38",,
"8","8","Promotional Video Name",,"A","2022-12-14 17:30:56",,
"9","9","Promotional Video Name",,"A","2022-12-14 18:09:20",,
"10","10","Promotional Video Name",,"A","2022-12-14 19:00:59",,
"11","11","Promotional Video Name",,"A","2022-12-25 13:05:19",,
"12","12","Promotional Video Name",,"A","2022-12-27 17:32:09",,
"13","13","Promotional Video Name",,"A","2022-12-28 12:44:12",,
"14","14","Promotional Video Name",,"A","2022-12-28 13:22:17","2022-12-28 13:31:30","[{""header_text"":""How the new Labour codes will impact the work of HR Managers  "",""normal_text"":""<p>Abhyuday Agarwal<\/p>\r\n"",""youtube_link"":""https:\/\/www.youtube.com\/embed\/r9ArUo2ihqk"",""image_name"":""1-1672214490.jpg""},{""header_text"":""Post lockdown implications for Employees and the workforce"",""normal_text"":""<p>Ashok Naik, Abhyuday Agarwal, Poornima Jacob<\/p>\r\n"",""youtube_link"":""https:\/\/www.youtube.com\/embed\/HnR8e3UFCOo"",""image_name"":""2-1672214490.jpg""},{""header_text"":""Career opportunities for Lawyers interested in Employment Laws"",""normal_text"":""<p>Deeksha Malik, Abhyuday Agarwal<\/p>\r\n"",""youtube_link"":""https:\/\/www.youtube.com\/embed\/74IlanN4Jgs"",""image_name"":""3-1672214490.jpg""}]"
"15","15","Promotional Video Name",,"A","2023-01-04 11:32:27",,
"16","16","Promotional Video Name",,"A","2023-01-11 13:03:47",,
"17","17","Promotional Video Name",,"A","2023-01-28 12:51:05",,
"18","18","Promotional Video Name",,"A","2023-02-19 15:54:23",,
"19","19","Promotional Video Name",,"A","2023-03-16 17:09:11",,
"20","20","Promotional Video Name",,"A","2023-03-23 12:42:57",,
"21","21","Promotional Video Name",,"A","2023-04-10 18:59:43",,
"22","22","Promotional Video Name",,"A","2023-04-19 13:57:20",,
"23","23","Promotional Video Name",,"A","2023-04-19 15:44:58",,
"24","24","Promotional Video Name",,"A","2023-04-19 16:57:51",,
"25","25","Promotional Video Name",,"A","2023-04-20 12:23:34",,
"26","26","Promotional Video Name",,"A","2023-04-28 20:04:45",,
"27","27","Promotional Video Name",,"A","2023-05-20 13:30:23",,
"28","28","Promotional Video Name",,"A","2023-05-21 12:12:52",,
"29","30","Promotional Video Name",,"A","2023-08-03 16:55:45",,
"30","31","Promotional Video Name",,"A","2023-08-03 20:03:21",,
"31","32","Promotional Video Name",,"A","2023-08-04 13:33:51",,
"32","33","Promotional Video Name",,"A","2023-08-10 17:04:23",,
"33","34","Promotional Video Name",,"A","2023-08-19 13:32:11",,
"34","35","Promotional Video Name",,"A","2023-08-31 21:46:39",,
"35","36","Promotional Video Name",,"A","2023-09-01 16:06:26",,
"36","37","Promotional Video Name",,"A","2023-10-13 18:52:33",,
"37","38","Promotional Video Name",,"A","2023-10-13 19:46:29",,
"38","39","Promotional Video Name",,"A","2023-10-28 16:50:53",,
"39","40","Promotional Video Name",,"A","2023-10-28 17:33:48",,
"40","41","Promotional Video Name",,"A","2023-12-22 19:38:15",,
"41","42","Promotional Video Name",,"A","2023-12-22 20:45:41",,
"42","43","Promotional Video Name",,"A","2023-12-22 21:06:53",,
"43","44","Promotional Video Name",,"A","2024-01-28 11:37:42",,
"44","45","Promotional Video Name",,"A","2024-03-17 10:36:29",,
"45","46","Promotional Video Name",,"A","2024-04-14 10:00:13",,
"46","47","Promotional Video Name",,"A","2024-04-20 23:37:01",,
"47","48","Promotional Video Name",,"A","2024-05-18 18:30:14",,
"48","49","Promotional Video Name",,"A","2024-05-21 16:33:14",,
"49","50","Promotional Video Name",,"A","2024-05-21 17:29:17",,
"50","51","Promotional Video Name",,"A","2024-05-31 16:11:18",,
"51","52","Promotional Video Name",,"A","2024-06-01 13:44:26",,
"52","53","Promotional Video Name",,"A","2024-06-01 13:47:08",,
"53","54","Promotional Video Name",,"A","2024-06-28 14:09:31",,
"54","55","Promotional Video Name",,"A","2024-06-29 15:10:02",,
"55","56","Promotional Video Name",,"A","2024-07-11 16:15:35",,
"56","57","Promotional Video Name",,"A","2024-07-14 13:50:06",,
"57","58","Promotional Video Name",,"A","2024-07-25 14:05:36",,
"58","59","Promotional Video Name",,"A","2024-07-25 16:17:52",,
"59","60","Promotional Video Name",,"A","2024-08-14 18:29:46",,
"60","61","Promotional Video Name",,"A","2024-08-14 18:54:29",,
"61","64","Promotional Video Name",,"A","2024-08-16 17:01:00",,
"62","65","Promotional Video Name",,"A","2024-08-16 17:01:10",,
"63","66","Promotional Video Name",,"A","2024-08-16 17:26:56",,
"64","67","Promotional Video Name",,"A","2024-08-16 17:27:13",,
"65","69","Promotional Video Name",,"A","2024-08-17 10:47:56",,
"66","70","Promotional Video Name",,"A","2024-08-23 18:40:24",,
"67","71","Promotional Video Name",,"A","2024-08-27 12:46:23",,
"68","72","Promotional Video Name",,"A","2024-08-27 13:16:32",,
"69","73","Promotional Video Name",,"A","2024-08-27 13:16:55",,
"70","74","Promotional Video Name",,"A","2024-08-28 15:01:30",,
"71","75","Promotional Video Name",,"A","2024-08-29 17:46:29",,
"72","76","Promotional Video Name",,"A","2024-09-13 16:39:58",,
"73","77","Promotional Video Name",,"A","2024-09-13 17:30:08",,
"74","78","Promotional Video Name",,"A","2024-09-13 17:50:31",,
"75","79","Promotional Video Name",,"A","2024-09-13 18:23:22",,
"76","80","Promotional Video Name",,"A","2024-09-18 18:38:48",,
"77","81","Promotional Video Name",,"A","2024-09-22 06:08:22",,
"78","82","Promotional Video Name",,"A","2024-09-27 14:04:29",,
"79","83","Promotional Video Name",,"A","2024-09-27 14:56:31",,
"80","84","Promotional Video Name",,"A","2024-09-27 15:33:01",,
"81","85","Promotional Video Name",,"A","2024-09-27 15:47:16",,
"82","86","Promotional Video Name",,"A","2024-09-27 17:42:19",,
"83","87","Promotional Video Name",,"A","2024-10-10 16:02:16",,
"84","88","Promotional Video Name",,"A","2024-10-13 18:56:22",,
"85","89","Promotional Video Name",,"A","2024-10-17 14:34:53",,
"86","90","Promotional Video Name",,"A","2024-10-17 14:52:43",,
"87","91","Promotional Video Name",,"A","2024-10-17 17:34:22",,
"88","92","Promotional Video Name",,"A","2024-10-17 17:48:54",,
"89","93","Promotional Video Name",,"A","2024-10-17 19:52:12",,
"90","94","Promotional Video Name",,"A","2024-10-17 20:17:46",,
"91","95","Promotional Video Name",,"A","2024-10-18 14:32:40",,
"92","96","Promotional Video Name",,"A","2024-10-20 11:38:07",,
"93","97","Promotional Video Name",,"A","2024-11-08 18:44:26",,
"94","98","Promotional Video Name",,"A","2024-11-08 19:08:04",,
"95","99","Promotional Video Name",,"A","2024-11-08 19:53:25",,
"96","100","Promotional Video Name",,"A","2024-11-22 13:22:25",,
"97","101","Promotional Video Name",,"A","2024-11-22 14:34:47",,
"98","102","Promotional Video Name",,"A","2024-12-06 11:16:19",,
"99","103","Promotional Video Name",,"A","2024-12-06 11:42:38",,
"100","104","Promotional Video Name",,"A","2024-12-06 13:15:53",,
"101","105","Promotional Video Name",,"A","2024-12-19 17:58:45",,
"102","106","Promotional Video Name",,"A","2024-12-22 14:23:15",,
"103","107","Promotional Video Name",,"A","2025-01-08 14:14:34",,
"104","108","Promotional Video Name",,"A","2025-01-08 14:59:09",,
"105","109","Promotional Video Name",,"A","2025-01-08 15:32:47",,
"106","110","Promotional Video Name",,"A","2025-02-05 17:24:29",,
"107","111","Promotional Video Name",,"A","2025-02-19 20:27:50",,
"108","112","Promotional Video Name",,"A","2025-03-16 08:14:11",,
"109","113","Promotional Video Name",,"A","2025-03-30 13:51:50",,
"110","114","Promotional Video Name",,"A","2025-04-12 11:54:41",,
"111","115","Promotional Video Name",,"A","2025-04-12 14:22:17",,
"112","116","Promotional Video Name",,"A","2025-04-12 15:17:06",,
"113","117","Promotional Video Name",,"A","2025-04-13 12:06:31",,
"114","118","Promotional Video Name",,"A","2025-04-20 10:03:46",,
"115","119","Promotional Video Name",,"A","2025-04-20 13:31:36",,
"116","120","Promotional Video Name",,"A","2025-06-01 11:22:41",,
"117","121","Promotional Video Name",,"A","2025-07-14 16:31:55",,
"118","122","Promotional Video Name",,"A","2025-07-17 18:28:25",,
"119","123","Promotional Video Name",,"A","2025-07-18 19:25:47",,
"120","124","Promotional Video Name",,"A","2025-07-20 12:02:41",,
"121","125","Promotional Video Name",,"A","2025-08-10 15:03:29",,
"122","126","Promotional Video Name",,"A","2025-08-17 12:55:40",,
"123","127","Promotional Video Name",,"A","2025-08-17 17:21:01",,
"124","128","Promotional Video Name",,"A","2025-08-17 17:21:09",,
"125","129","Promotional Video Name",,"A","2025-08-31 12:25:25",,
"126","130","Promotional Video Name",,"A","2025-10-31 11:20:54",,
"127","131","Promotional Video Name",,"A","2025-10-31 14:25:22",,
"128","132","Promotional Video Name",,"A","2025-11-13 12:51:33",,
"129","133","Promotional Video Name",,"A","2025-11-19 18:17:40",,
"130","29","Promotional Video Name",,"A","2025-11-21 12:34:35",,"[{""header_text"":""Trade dress and passing off protection in India, US and UK"",""normal_text"":""<p>Trade dress and passing off protection in India, US and UK<\/p>\r\n"",""youtube_link"":""https:\/\/www.youtube.com\/embed\/5TpDmnplxvk"",""image_name"":""image1-1763708674.png""}]"
"131","134","Promotional Video Name",,"A","2025-11-28 10:57:32",,
"132","135","Promotional Video Name",,"A","2025-11-28 11:25:50",,
"133","136","Promotional Video Name",,"A","2025-12-18 13:57:26",,
"134","137","Promotional Video Name",,"A","2026-02-01 13:53:33",,
"135","138","Promotional Video Name",,"A","2026-08-02 20:12:52",,
"136","139","Promotional Video Name",,"A","2026-08-10 17:15:03",,
"137","140","Promotional Video Name",,"A","2026-08-16 09:46:18",,
"138","141","Promotional Video Name",,"A","2026-08-16 09:59:12",,
"139","142","Promotional Video Name",,"A","2026-08-21 16:15:17",,
